squirrel_id,primary_colour,black,cinnamon,gray,white
A-01-01,Gray,False,False,False,True
A-01-02,Gray,False,False,False,True
A-01-03,Gray,False,False,False,True
A-01-04,Gray,False,False,False,True
A-01-05,Gray,False,True,False,False
A-01-06,Gray,False,True,False,False
A-01-07,Gray,False,False,False,True
A-01-08,Black,False,False,True,False
A-01-09,Gray,False,False,False,True
A-01-10,Gray,False,False,False,True
A-01-11,Gray,True,False,False,False
A-01-12,Gray,False,False,False,True
A-02-01,Gray,False,False,True,False
A-02-02,Gray,False,True,False,False
A-02-04,Gray,False,True,False,False
A-02-05,Gray,False,True,False,False
A-02-06,Gray,False,True,False,False
A-02-08,Gray,False,True,False,False
A-02-09,Gray,False,True,False,False
A-02-10,Gray,False,True,False,False
A-02-11,Gray,False,True,False,False
A-02-12,Gray,False,True,False,False
A-02-13,Gray,False,False,False,True
A-02-14,Gray,False,False,True,False
A-02-15,Gray,False,False,False,True
A-02-16,Gray,False,True,False,False
A-02-17,Gray,False,False,True,False
A-02-18,Gray,False,True,False,False
A-02-19,Gray,False,True,False,False
A-02-20,Gray,False,True,False,False
A-02-21,Gray,False,True,False,False
A-02-22,Gray,False,True,False,False
A-02-23,Gray,False,True,False,False
A-02-24,Cinnamon,False,False,False,True
A-03-01,Gray,False,True,False,False
A-03-02,Gray,False,False,False,True
A-03-05,Gray,False,True,False,False
A-03-06,Gray,False,False,True,False
A-03-07,Gray,False,True,False,False
A-03-08,Gray,False,True,False,False
A-03-10,Gray,False,True,False,False
A-03-11,Gray,False,True,False,False
A-03-12,Gray,False,False,False,True
A-03-14,Gray,False,True,False,False
A-03-16,Gray,False,True,False,False
A-04-01,Gray,False,False,False,True
A-04-02,Black,True,False,False,False
A-04-03,Gray,False,False,False,True
A-04-04,Gray,False,False,False,True
A-04-05,Gray,False,False,False,True
A-04-06,Gray,False,False,True,False
A-04-07,Gray,False,False,True,False
A-04-08,Gray,False,False,False,True
A-04-09,Gray,False,False,False,True
A-04-10,Gray,False,False,True,False
A-04-11,Black,True,False,False,False
A-04-12,Gray,False,False,False,True
A-04-13,Gray,False,False,False,True
A-04-14,Gray,False,False,True,False
A-04-15,Gray,True,False,False,False
A-06-01,Gray,False,False,True,False
A-06-02,Gray,False,False,True,False
A-06-03,Gray,False,False,True,False
A-06-04,Gray,False,False,True,False
A-06-05,Gray,False,False,True,False
A-06-06,Gray,False,False,True,False
A-06-07,Gray,False,False,True,False
A-06-09,Gray,False,False,True,False
A-06-10,Gray,False,False,True,False
A-06-11,Gray,False,False,True,False
A-06-12,Gray,False,False,True,False
A-06-18,Gray,False,False,True,False
A-06-19,Gray,False,False,True,False
A-06-20,Gray,False,False,True,False
A-06-21,Gray,False,False,True,False
A-06-22,Gray,False,False,True,False
A-06-23,Gray,False,False,True,False
A-06-24,Gray,False,False,True,False
A-06-25,Gray,False,False,True,False
A-06-26,Gray,False,False,True,False
A-06-27,Gray,False,False,True,False
A-06-28,Gray,False,False,True,False
A-06-29,Gray,False,False,True,False
A-06-30,Gray,False,False,True,False
A-06-34,Gray,False,False,True,False
B-07-08,Gray,False,True,False,False
B-08-01,Cinnamon,False,True,False,False
B-08-02,Gray,False,False,True,False
B-09-01,Gray,False,True,False,False
B-09-02,Gray,False,True,False,False
B-09-03,Gray,False,True,False,False
B-09-04,Gray,False,True,False,False
B-09-06,Gray,False,True,False,False
B-09-07,Gray,False,True,False,False
B-09-08,Gray,False,True,False,False
B-09-09,Gray,False,True,False,False
B-09-10,Gray,False,True,False,False
B-09-11,Gray,False,True,False,False
B-09-12,Gray,False,True,False,False
B-09-14,Black,False,True,False,False
B-09-18,Gray,False,True,False,False
B-09-20,Gray,False,True,False,False
B-09-23,Gray,False,True,False,False
B-09-24,Black,False,True,False,False
B-09-25,Black,False,True,False,False
B-10-01,Gray,False,False,True,False
B-10-02,Gray,False,False,True,False
B-10-03,Gray,False,False,True,False
B-10-04,Gray,False,False,True,False
B-10-09,Gray,False,False,True,False
B-12-01,Gray,False,False,True,False
B-12-03,Gray,False,False,True,False
B-12-05,Gray,False,False,True,False
B-12-06,Gray,False,False,True,False
B-12-07,Gray,False,False,True,False
B-12-08,Gray,False,False,True,False
B-12-10,Gray,False,False,True,False
B-12-11,Gray,False,False,True,False
B-12-12,Gray,False,False,True,False
C-14-01,Gray,False,True,False,True
C-14-02,Gray,False,True,False,False
C-14-03,Gray,False,True,False,False
C-14-04,Gray,False,True,False,False
C-14-05,Gray,False,True,False,False
C-14-06,Gray,False,True,False,False
C-14-07,Gray,False,True,False,False
C-15-10,Gray,False,False,True,False
C-15-11,Gray,False,False,False,True
C-16-01,Gray,False,True,False,False
C-18-01,Gray,False,True,False,False
C-19-04,Gray,False,True,False,True
C-19-05,Gray,False,True,False,True
C-19-06,Gray,False,True,False,False
C-19-07,Gray,False,True,False,False
C-19-08,Gray,False,False,False,True
C-19-09,Gray,False,False,True,False
C-19-10,Gray,False,False,False,True
C-19-11,Gray,False,True,False,True
C-19-12,Gray,False,False,False,True
C-19-14,Gray,False,False,False,True
C-19-16,Gray,False,False,False,True
C-19-17,Gray,False,False,False,True
C-19-18,Gray,False,False,False,True
C-20-07,Cinnamon,False,False,False,True
C-20-10,Gray,False,True,False,True
C-20-11,Gray,False,False,False,True
C-20-12,Gray,False,False,False,True
C-20-13,Gray,False,False,False,True
C-20-14,Gray,False,True,False,False
D-21-01,Gray,False,True,False,False
D-21-02,Gray,False,True,False,False
D-21-03,Gray,False,True,False,False
D-21-06,Gray,False,True,False,False
D-21-12,Gray,False,False,False,True
D-21-13,Gray,False,False,True,False
D-21-14,Gray,False,True,False,False
D-22-01,Cinnamon,False,False,False,True
D-22-02,Gray,False,False,False,True
D-22-03,Gray,False,False,False,True
D-22-04,Gray,False,True,False,False
D-22-08,Cinnamon,False,False,False,True
D-22-09,Gray,False,False,True,False
D-22-10,Gray,False,True,False,True
D-22-11,Gray,False,False,True,False
D-22-12,Gray,False,False,False,True
D-22-13,Gray,False,False,False,True
D-22-14,Cinnamon,False,False,False,True
D-22-15,Gray,False,False,False,True
D-22-16,Cinnamon,False,False,True,False
D-22-17,Gray,False,True,False,True
D-22-18,Cinnamon,False,True,False,False
D-22-20,Gray,False,True,False,True
D-22-21,Gray,False,True,False,True
D-22-22,Gray,False,True,False,True
D-22-23,Gray,False,False,False,True
D-22-24,Gray,False,False,False,True
D-22-25,Gray,False,True,False,True
D-22-26,Gray,False,False,False,True
D-22-27,Gray,False,True,False,False
D-22-28,Gray,False,False,False,True
D-22-29,Gray,False,True,False,True
D-22-30,Gray,False,False,False,True
D-22-31,Cinnamon,False,False,False,True
D-22-32,Gray,False,True,False,True
D-22-33,Gray,False,True,False,False
D-22-34,Cinnamon,False,True,False,False
D-22-37,Gray,False,False,True,False
D-22-40,Cinnamon,False,False,False,True
D-22-41,Cinnamon,False,True,False,False
D-22-42,Gray,False,False,True,False
D-22-43,Gray,False,False,False,True
D-22-44,Gray,False,True,False,True
13E-AM-1017-05,Gray,False,True,False,False
11H-AM-1010-03,Cinnamon,False,False,False,True
11D-AM-1010-03,Gray,False,True,False,False
20B-PM-1013-05,Gray,False,False,False,True
36I-PM-1007-01,Gray,False,True,False,False
5C-PM-1010-09,Cinnamon,False,False,True,False
7H-AM-1006-05,Gray,False,True,False,False
16C-PM-1018-03,Gray,False,True,False,True
32A-PM-1013-03,Gray,False,True,False,False
17F-AM-1007-07,Gray,False,False,False,True
16I-AM-1008-01,Cinnamon,False,False,True,True
12I-AM-1013-01,Cinnamon,False,False,False,True
25A-AM-1013-04,Gray,False,False,False,True
15E-AM-1013-01,Gray,False,False,False,True
39G-PM-1013-06,Gray,False,True,False,False
29I-PM-1007-01,Gray,False,True,False,False
10A-PM-1014-01,Gray,True,True,False,True
22F-PM-1014-05,Gray,False,True,False,False
12B-AM-1007-01,Gray,False,True,False,False
33H-AM-1019-02,Gray,False,True,False,False
29C-AM-1007-06,Gray,False,True,False,False
31H-PM-1008-02,Gray,False,True,False,False
8H-AM-1017-06,Gray,False,True,False,False
34F-AM-1007-01,Gray,False,False,False,True
35C-PM-1013-03,Gray,False,True,False,False
2B-PM-1013-01,Gray,False,False,False,True
40B-AM-1019-03,Gray,False,False,False,True
3E-PM-1008-07,Gray,False,True,False,False
14F-AM-1007-05,Gray,False,True,False,False
6I-PM-1013-06,Gray,False,True,False,False
8B-PM-1012-02,Gray,False,True,False,True
3A-PM-1017-06,Gray,False,True,False,False
36I-AM-1017-02,Gray,False,True,False,False
5E-AM-1008-06,Cinnamon,False,False,False,True
5F-PM-1007-03,Gray,False,True,False,False
16E-PM-1018-06,Cinnamon,False,False,True,False
13F-AM-1007-02,Cinnamon,False,False,False,True
20B-PM-1013-10,Gray,False,False,False,True
3A-PM-1017-05,Gray,False,True,False,False
33C-PM-1007-03,Gray,False,False,False,True
38G-PM-1020-09,Gray,False,True,False,True
16G-PM-1017-01,Gray,False,True,False,True
35A-AM-1014-03,Gray,False,False,False,True
28C-PM-1006-01,Gray,False,True,False,False
22A-AM-1008-05,Gray,False,False,False,True
40B-PM-1014-06,Gray,False,True,False,False
19C-PM-1018-01,Gray,False,False,False,True
15G-PM-1019-05,Gray,False,True,False,False
42E-PM-1012-06,Cinnamon,False,False,True,True
5A-AM-1006-05,Gray,False,True,False,False
41D-AM-1014-01,Gray,True,False,False,False
21G-PM-1007-01,Gray,False,True,False,False
22F-AM-1007-01,Gray,False,True,False,False
38F-PM-1013-05,Gray,False,True,False,False
41B-PM-1014-01,Gray,False,False,False,True
5C-AM-1006-05,Gray,False,True,False,True
31A-PM-1017-04,Gray,False,False,False,True
42G-AM-1018-03,Gray,False,True,False,False
37E-PM-1006-03,Gray,False,True,False,False
37E-PM-1006-03,Gray,False,True,False,False
37E-PM-1006-03,Gray,False,True,False,False
37E-PM-1006-03,Gray,False,True,False,False
5C-PM-1010-13,Gray,False,False,False,True
15I-AM-1008-01,Gray,False,True,False,False
19B-PM-1018-01,Gray,True,True,False,True
13D-PM-1018-10,Gray,False,True,False,True
36I-PM-1007-10,Gray,False,False,False,True
41B-AM-1010-06,Gray,False,True,False,True
40D-PM-1013-01,Gray,False,True,False,False
38B-PM-1018-02,Gray,False,True,False,True
13D-AM-1014-08,Gray,False,True,False,False
16G-AM-1010-03,Gray,False,False,False,True
40A-AM-1010-03,Gray,False,True,False,False
10B-PM-1014-05,Gray,False,False,False,True
2F-AM-1006-05,Gray,False,True,False,True
20B-AM-1007-01,Gray,False,True,False,False
26A-PM-1006-06,Gray,False,True,False,False
11G-PM-1013-01,Gray,False,True,False,False
36I-PM-1007-13,Gray,False,True,False,False
7A-AM-1006-01,Gray,False,False,False,True
3D-PM-1010-03,Cinnamon,False,False,False,True
35D-PM-1013-09,Gray,False,False,False,True
18G-PM-1013-01,Gray,False,False,False,True
6F-PM-1008-01,Gray,False,True,False,False
9F-AM-1013-04,Gray,False,True,False,False
38E-AM-1010-09,Gray,False,True,False,False
39G-AM-1018-01,Gray,False,True,False,False
32G-PM-1013-03,Gray,False,True,False,False
4D-PM-1008-11,Cinnamon,False,False,True,True
6H-AM-1008-01,Cinnamon,False,False,True,True
15D-PM-1017-01,Gray,False,True,False,False
16E-AM-1014-03,Gray,False,True,False,False
39H-PM-1013-02,Gray,False,True,False,True
31A-AM-1010-04,Gray,False,False,False,True
9F-PM-1014-02,Gray,False,True,False,False
2F-AM-1006-01,Gray,False,True,False,False
20F-PM-1007-01,Gray,False,True,False,False
35E-PM-1006-01,Gray,False,True,False,True
9G-AM-1007-04,Gray,False,False,False,True
5D-PM-1018-03,Gray,False,False,False,True
14F-PM-1012-06,Cinnamon,False,False,True,True
23F-AM-1018-01,Cinnamon,False,False,True,False
39A-PM-1014-02,Gray,False,False,False,True
13A-PM-1014-03,Gray,False,True,False,False
10B-AM-1006-02,Gray,False,True,False,False
38B-AM-1019-01,Gray,False,False,False,True
40B-AM-1019-02,Gray,False,False,False,True
35D-PM-1013-04,Gray,False,False,False,True
19C-PM-1018-04,Gray,False,True,False,False
10F-PM-1019-12,Black,False,False,False,True
40E-AM-1014-02,Gray,False,False,False,True
19B-AM-1019-02,Gray,False,True,False,True
41B-AM-1010-07,Cinnamon,False,False,True,True
4G-AM-1006-02,Gray,False,False,False,True
12F-PM-1007-04,Gray,False,True,False,False
3B-AM-1010-08,Gray,False,True,False,False
38G-PM-1020-01,Gray,False,True,False,False
4D-PM-1008-06,Cinnamon,False,False,True,True
3G-PM-1013-01,Gray,False,True,False,False
14G-PM-1013-01,Gray,False,True,False,False
5C-AM-1006-02,Cinnamon,False,False,False,True
42H-AM-1019-02,Gray,False,True,False,False
38A-PM-1013-03,Gray,False,True,False,False
22C-AM-1013-03,Cinnamon,False,False,True,False
36F-PM-1012-04,Gray,False,False,False,True
5C-AM-1006-03,Gray,False,True,False,False
10F-PM-1019-02,Gray,False,True,False,False
5I-PM-1008-01,Black,False,True,False,False
21G-AM-1014-07,Gray,False,False,False,True
22B-PM-1014-05,Gray,False,True,False,False
3D-AM-1006-08,Cinnamon,False,False,True,False
3E-PM-1008-03,Gray,False,True,False,False
17F-PM-1020-03,Gray,False,True,False,False
22D-PM-1012-04,Gray,True,False,False,True
42G-PM-1014-03,Cinnamon,False,False,True,False
2H-AM-1006-02,Gray,False,True,False,True
36I-AM-1017-05,Gray,False,True,False,False
32B-AM-1017-03,Gray,False,True,False,False
37E-PM-1006-04,Cinnamon,False,False,True,True
12B-AM-1007-02,Gray,False,True,False,False
14A-PM-1014-01,Gray,False,True,False,True
9B-PM-1013-07,Gray,False,False,False,True
8C-PM-1013-05,Gray,False,False,False,True
6B-PM-1017-04,Gray,False,True,False,False
5D-AM-1020-02,Gray,False,True,False,False
40A-AM-1010-04,Gray,False,True,False,False
4E-AM-1020-01,Gray,False,True,False,True
2D-PM-1012-02,Gray,False,True,False,True
6F-PM-1008-05,Cinnamon,False,False,False,True
10B-PM-1014-02,Gray,False,False,False,True
3C-PM-1008-02,Cinnamon,False,False,True,True
7F-AM-1008-02,Gray,False,True,False,False
38D-AM-1017-02,Gray,False,True,False,False
10C-PM-1013-04,Gray,False,True,False,False
26I-PM-1010-02,Gray,False,True,False,False
3D-AM-1006-03,Cinnamon,False,False,True,False
37H-AM-1018-03,Gray,False,False,False,True
6A-AM-1006-06,Gray,False,True,False,True
32I-AM-1013-05,Cinnamon,False,False,True,False
2E-PM-1014-05,Cinnamon,False,False,True,False
5E-PM-1012-02,Cinnamon,False,False,True,True
15F-AM-1007-09,Cinnamon,False,False,False,True
31F-PM-1007-01,Gray,False,False,False,True
8B-PM-1012-03,Gray,False,True,False,True
23D-AM-1013-01,Gray,False,True,False,False
39H-PM-1013-01,Gray,False,False,False,True
30B-PM-1019-08,Gray,False,True,False,True
4F-PM-1013-04,Gray,False,True,False,False
35A-AM-1014-05,Gray,False,False,False,True
5A-PM-1010-01,Gray,False,False,False,True
37C-PM-1013-03,Gray,False,False,False,True
10G-PM-1017-06,Gray,False,True,False,False
37G-PM-1007-07,Gray,False,True,False,False
11G-AM-1012-01,Gray,False,True,False,False
20A-AM-1010-02,Gray,False,True,False,False
15A-PM-1017-01,Gray,False,True,False,True
16E-AM-1014-02,Gray,False,True,False,False
37E-PM-1006-06,Cinnamon,False,False,True,False
22C-AM-1013-01,Gray,False,True,False,False
16F-PM-1013-02,Gray,False,True,False,False
8H-AM-1017-04,Gray,False,True,False,False
1G-PM-1010-01,Gray,False,False,False,True
20A-PM-1017-01,Gray,False,True,False,False
37E-PM-1006-09,Cinnamon,False,False,True,False
35D-PM-1013-03,Gray,False,False,False,True
36I-AM-1017-06,Gray,True,False,False,False
3I-PM-1013-07,Gray,True,False,False,False
12G-PM-1007-04,Gray,False,True,False,False
4D-PM-1008-08,Cinnamon,False,False,True,True
39H-AM-1007-02,Gray,False,True,False,False
8C-PM-1013-08,Cinnamon,False,False,True,False
10I-AM-1010-03,Gray,False,False,False,True
32I-AM-1013-01,Gray,False,True,False,False
19B-PM-1018-05,Gray,False,True,False,True
38C-AM-1019-07,Gray,False,True,False,False
19H-AM-1010-05,Gray,False,True,False,False
32D-PM-1006-09,Gray,True,True,False,True
39G-PM-1013-04,Gray,False,True,False,False
38G-PM-1020-10,Gray,False,True,False,True
12A-PM-1013-04,Gray,False,True,False,False
19F-AM-1007-02,Cinnamon,False,False,True,False
36E-AM-1013-03,Gray,False,False,False,True
32F-AM-1012-01,Gray,False,True,False,False
39G-PM-1013-07,Gray,False,True,False,False
21E-PM-1012-02,Gray,True,True,False,True
14D-AM-1014-03,Gray,False,True,False,True
39F-PM-1006-03,Gray,False,False,False,True
10F-PM-1019-11,Gray,False,True,False,False
27A-PM-1006-01,Gray,False,True,False,False
6A-AM-1006-03,Gray,False,True,False,True
27I-PM-1020-05,Gray,False,True,False,False
10A-PM-1014-04,Gray,False,True,False,False
14I-PM-1018-05,Gray,False,True,False,False
1H-AM-1012-01,Gray,False,True,False,True
30E-AM-1008-01,Gray,False,False,False,True
16A-PM-1019-04,Gray,False,True,False,False
8B-PM-1012-06,Gray,False,True,False,True
8F-PM-1012-03,Gray,False,True,False,False
11E-AM-1013-02,Gray,True,False,False,False
37G-PM-1007-09,Cinnamon,False,False,False,True
15F-AM-1007-04,Cinnamon,False,False,False,True
13E-AM-1017-08,Gray,False,True,False,False
14D-AM-1014-10,Gray,False,True,False,True
7H-AM-1006-06,Gray,False,True,False,False
41C-PM-1007-04,Gray,False,False,False,True
29B-PM-1010-05,Gray,False,True,False,True
15B-PM-1017-05,Gray,False,False,False,True
18I-AM-1017-03,Cinnamon,True,False,False,False
12D-PM-1014-02,Gray,False,False,False,True
35E-PM-1006-02,Gray,False,True,False,True
32B-AM-1017-04,Gray,False,True,False,False
38C-AM-1019-01,Gray,False,False,False,True
10G-PM-1017-02,Gray,False,True,False,False
7A-AM-1006-02,Gray,False,True,False,False
32I-AM-1013-02,Gray,False,True,False,False
8C-PM-1013-04,Cinnamon,False,False,False,True
13E-PM-1008-10,Cinnamon,False,False,False,True
5E-AM-1008-09,Cinnamon,False,False,True,False
39B-PM-1014-06,Gray,False,True,False,False
32D-PM-1006-07,Gray,True,True,False,True
8E-PM-1008-01,Gray,False,False,False,True
33E-PM-1012-01,Gray,False,False,False,True
22C-AM-1013-02,Cinnamon,False,False,True,False
3B-PM-1007-01,Gray,False,False,False,True
40E-AM-1014-01,Gray,False,False,False,True
8E-PM-1008-08,Gray,False,False,False,True
2C-AM-1010-03,Black,False,False,True,False
1B-AM-1012-12,Cinnamon,False,False,True,False
38C-PM-1014-06,Gray,False,True,False,False
4I-PM-1007-03,Gray,False,True,False,True
12G-PM-1007-06,Gray,False,True,False,False
9B-PM-1013-10,Cinnamon,False,False,True,False
22D-PM-1012-01,Gray,True,False,False,True
38A-PM-1013-01,Gray,False,True,False,False
14F-PM-1012-01,Gray,False,True,False,False
1D-AM-1006-09,Cinnamon,False,False,False,True
3B-PM-1007-07,Gray,False,False,False,True
22G-PM-1018-03,Gray,False,True,False,False
27I-PM-1020-01,Gray,False,False,False,True
8H-PM-1014-03,Gray,False,True,False,False
7I-PM-1013-05,Gray,False,True,False,False
35E-PM-1006-03,Gray,False,True,False,False
1D-AM-1006-02,Gray,False,True,False,False
14H-PM-1012-01,Gray,True,True,False,True
14H-AM-1007-04,Gray,False,False,False,True
8I-PM-1013-01,Gray,False,True,False,True
9B-PM-1013-02,Cinnamon,False,False,True,False
8B-PM-1012-08,Cinnamon,False,False,False,True
13B-PM-1008-01,Gray,False,False,False,True
21G-AM-1014-02,Gray,False,False,False,True
10G-PM-1017-08,Black,False,True,False,False
10B-PM-1014-01,Gray,False,False,False,True
9B-PM-1013-03,Cinnamon,False,False,True,False
34H-AM-1007-01,Gray,False,True,False,False
7H-AM-1006-11,Gray,False,True,False,False
8E-PM-1008-05,Gray,False,False,False,True
4A-PM-1007-03,Gray,False,False,False,True
42F-PM-1017-02,Gray,False,True,False,False
33E-AM-1014-05,Gray,False,False,False,True
22F-AM-1007-05,Gray,False,False,False,True
5F-AM-1007-04,Gray,False,True,False,False
13D-PM-1018-08,Gray,False,True,False,True
18I-PM-1007-09,Gray,False,True,False,False
9F-PM-1014-04,Gray,False,True,False,False
12H-PM-1007-04,Gray,False,True,False,False
8F-PM-1012-05,Gray,False,True,False,False
13E-PM-1008-06,Gray,False,False,False,True
21F-AM-1018-02,Gray,False,True,False,False
31E-PM-1006-02,Gray,False,True,False,False
19F-PM-1017-01,Gray,False,True,False,False
6F-PM-1008-06,Cinnamon,False,False,True,True
42D-PM-1013-03,Gray,False,True,False,False
13I-PM-1008-01,Gray,False,True,False,False
27A-AM-1008-02,Cinnamon,False,False,False,True
24A-AM-1014-01,Gray,False,False,False,True
37D-AM-1018-01,Gray,False,False,False,True
1D-PM-1007-06,Gray,False,False,False,True
13D-PM-1018-02,Gray,False,False,False,True
36D-AM-1007-01,Cinnamon,False,False,True,False
7H-AM-1006-15,Gray,False,True,False,False
39G-PM-1013-05,Gray,False,True,False,False
12F-PM-1007-05,Gray,False,False,False,True
8I-AM-1006-08,Gray,False,True,False,False
12F-AM-1020-06,Cinnamon,False,False,False,True
42D-PM-1013-01,Gray,False,True,False,False
38D-PM-1006-01,Gray,False,True,False,False
16A-PM-1019-07,Gray,False,True,False,True
4B-AM-1010-03,Gray,False,False,False,True
14H-AM-1007-02,Gray,False,True,False,False
11I-AM-1012-02,Cinnamon,False,False,False,True
7H-AM-1006-04,Gray,False,True,False,False
36A-AM-1018-01,Gray,False,False,False,True
2D-AM-1007-06,Gray,False,True,False,True
6A-PM-1012-04,Cinnamon,False,False,False,True
3D-AM-1006-04,Cinnamon,False,False,True,False
40A-PM-1014-06,Gray,False,True,False,True
1B-PM-1019-06,Cinnamon,False,False,False,True
18F-AM-1014-01,Gray,False,False,False,True
16H-PM-1014-04,Gray,False,True,False,False
13D-AM-1014-06,Gray,False,True,False,False
33D-PM-1006-02,Gray,False,True,False,False
37H-PM-1006-02,Gray,False,True,False,False
12H-PM-1007-02,Gray,False,True,False,False
21F-AM-1018-05,Cinnamon,False,False,True,False
1G-AM-1006-02,Gray,False,False,False,True
18I-AM-1017-02,Gray,True,False,False,False
32B-AM-1017-02,Gray,False,True,False,False
3D-PM-1010-12,Cinnamon,False,False,False,True
35C-PM-1013-02,Gray,False,True,False,False
37B-PM-1013-05,Gray,False,True,False,False
41D-PM-1014-03,Gray,False,False,False,True
7D-PM-1010-01,Gray,False,False,False,True
7D-PM-1010-01,Gray,False,False,False,True
7D-PM-1010-01,Gray,False,False,False,True
7D-PM-1010-01,Gray,False,False,False,True
8G-PM-1017-01,Gray,False,True,False,True
4C-PM-1010-06,Gray,False,True,False,False
1C-PM-1013-06,Gray,False,True,False,True
40G-AM-1007-02,Cinnamon,False,False,True,False
22G-AM-1018-05,Gray,False,True,False,False
23E-PM-1006-01,Gray,False,True,False,False
14D-AM-1014-16,Gray,False,True,False,True
11H-AM-1010-05,Gray,False,False,False,True
19F-PM-1017-04,Gray,False,True,False,False
30A-AM-1010-01,Cinnamon,False,False,True,False
40D-PM-1013-05,Gray,False,True,False,False
11H-AM-1010-04,Gray,False,False,False,True
41D-AM-1014-05,Gray,True,False,False,False
9C-PM-1006-01,Gray,False,True,False,True
35A-AM-1014-04,Gray,False,True,False,True
16B-AM-1014-01,Gray,False,True,False,False
11A-PM-1013-01,Cinnamon,False,False,True,False
38E-AM-1010-07,Gray,False,True,False,False
36G-PM-1012-01,Gray,False,False,False,True
21F-PM-1018-03,Gray,False,True,False,False
21H-AM-1017-02,Cinnamon,False,False,True,False
22F-AM-1007-02,Gray,False,True,False,False
15F-AM-1007-02,Gray,False,True,False,False
13D-PM-1018-09,Gray,False,False,False,True
3B-AM-1010-01,Cinnamon,False,False,True,False
40B-PM-1014-01,Gray,False,True,False,False
41A-PM-1007-03,Gray,False,False,False,True
3I-PM-1013-05,Gray,False,True,False,False
33C-AM-1012-02,Gray,False,True,False,False
9B-PM-1013-04,Gray,True,False,False,False
1C-AM-1012-01,Gray,True,True,False,True
3F-AM-1006-09,Gray,False,True,False,True
22D-PM-1012-05,Gray,True,True,False,True
5C-PM-1010-10,Gray,False,True,False,False
9G-PM-1007-05,Gray,False,False,False,True
1D-PM-1007-03,Gray,False,False,False,True
35A-AM-1014-06,Gray,False,True,False,False
42I-PM-1014-03,Gray,False,True,False,False
10B-PM-1014-03,Gray,False,False,False,True
41D-PM-1014-01,Gray,False,True,False,False
35A-PM-1013-12,Gray,False,True,False,False
2C-PM-1013-08,Gray,False,False,False,True
22F-AM-1007-07,Cinnamon,False,False,True,False
6A-AM-1006-04,Gray,False,False,False,True
6A-PM-1012-05,Cinnamon,False,False,False,True
37G-PM-1007-03,Gray,False,True,False,False
13D-PM-1018-13,Gray,False,True,False,True
14B-PM-1014-06,Gray,False,True,False,False
7E-PM-1013-05,Gray,False,True,False,False
9A-AM-1013-11,Gray,False,True,False,False
11D-AM-1010-06,Gray,False,True,False,False
1A-PM-1014-02,Cinnamon,False,False,False,True
42G-PM-1014-01,Gray,False,False,False,True
9I-PM-1010-07,Gray,False,False,False,True
37G-PM-1007-04,Cinnamon,False,False,True,False
35E-AM-1020-03,Gray,False,True,False,False
8F-PM-1012-01,Gray,False,True,False,False
29C-AM-1007-03,Gray,False,True,False,False
12G-PM-1007-05,Gray,False,True,False,False
18H-PM-1014-03,Gray,False,True,False,False
15I-AM-1008-02,Gray,False,True,False,False
42C-AM-1007-04,Gray,False,True,False,True
5C-PM-1010-04,Gray,False,True,False,False
14I-PM-1018-06,Cinnamon,True,False,False,False
9B-PM-1013-01,Gray,False,True,False,False
31D-AM-1014-02,Gray,False,False,False,True
5C-PM-1010-11,Cinnamon,False,False,True,False
16C-AM-1014-04,Gray,True,False,False,False
5D-PM-1018-04,Gray,False,False,False,True
36B-PM-1013-03,Gray,False,True,False,False
40C-AM-1017-02,Gray,False,True,False,True
28I-AM-1013-01,Gray,False,True,False,False
38F-AM-1018-04,Gray,False,True,False,False
26A-AM-1014-01,Gray,False,True,False,False
17F-PM-1020-04,Gray,False,True,False,False
11A-PM-1013-03,Cinnamon,False,False,True,False
6A-PM-1012-07,Cinnamon,False,False,False,True
17A-AM-1017-01,Gray,False,True,False,False
40C-AM-1017-07,Gray,False,True,False,True
8A-PM-1014-01,Gray,False,False,False,True
13C-PM-1019-05,Gray,False,True,False,False
41E-PM-1013-05,Gray,False,True,False,True
3H-AM-1008-05,Gray,False,True,False,False
40E-AM-1014-03,Gray,False,False,False,True
2A-AM-1010-02,Gray,False,True,False,False
3A-PM-1017-03,Cinnamon,False,False,True,False
9A-AM-1013-04,Gray,False,True,False,False
9E-PM-1014-02,Gray,True,True,False,False
14G-AM-1012-02,Gray,False,True,False,False
38D-AM-1017-03,Gray,False,False,False,True
22F-AM-1007-03,Cinnamon,False,False,True,True
3H-PM-1014-07,Gray,False,False,False,True
28D-AM-1012-04,Cinnamon,False,False,False,True
1B-AM-1012-10,Gray,False,True,False,True
32D-PM-1006-04,Gray,False,True,False,True
34E-PM-1006-01,Gray,True,True,False,True
2D-AM-1007-01,Gray,False,True,False,True
3A-PM-1017-08,Cinnamon,True,False,False,False
4C-PM-1010-11,Gray,False,True,False,False
40E-PM-1017-02,Gray,False,True,False,True
38E-AM-1010-02,Gray,False,True,False,False
32I-AM-1013-04,Gray,False,True,False,False
19F-PM-1017-06,Gray,False,True,False,False
13E-AM-1017-11,Gray,False,True,False,False
14F-PM-1012-07,Cinnamon,False,False,True,True
19F-AM-1007-01,Cinnamon,False,False,True,False
37C-PM-1013-01,Gray,False,True,False,True
13E-PM-1008-05,Gray,False,False,False,True
26I-PM-1010-04,Gray,False,True,False,False
16D-AM-1007-02,Gray,False,False,False,True
13G-PM-1008-03,Cinnamon,False,False,True,False
7H-PM-1006-05,Gray,False,True,False,False
32F-AM-1012-03,Gray,False,True,False,False
42H-AM-1019-01,Cinnamon,False,False,False,True
21G-AM-1014-03,Gray,False,False,False,True
38D-AM-1017-05,Gray,True,True,False,False
2C-AM-1010-09,Gray,False,False,False,True
3D-PM-1010-01,Gray,False,True,False,False
35F-PM-1012-01,Gray,True,True,False,True
9H-PM-1018-01,Gray,False,False,False,True
7E-AM-1006-06,Gray,False,True,False,False
40C-AM-1017-06,Gray,False,True,False,False
14F-AM-1007-03,Gray,False,True,False,True
4D-PM-1008-14,Cinnamon,False,False,True,True
5E-AM-1008-03,Gray,False,True,False,False
15H-PM-1008-07,Gray,False,True,False,False
30C-AM-1014-01,Gray,False,True,False,False
19E-PM-1018-01,Gray,False,True,False,False
8D-AM-1007-07,Gray,False,True,False,False
19F-PM-1017-03,Cinnamon,False,False,True,False
14F-AM-1007-06,Gray,False,True,False,True
14A-PM-1014-06,Gray,False,True,False,True
21G-PM-1007-04,Gray,False,True,False,False
32D-PM-1006-03,Gray,False,True,False,True
4C-PM-1010-15,Gray,False,True,False,False
17D-AM-1008-02,Gray,False,False,False,True
8B-AM-1007-01,Gray,False,True,False,False
14D-AM-1014-11,Gray,False,True,False,True
9F-PM-1014-05,Gray,False,True,False,False
20F-AM-1014-01,Gray,False,False,False,True
10F-PM-1019-06,Gray,False,False,False,True
4H-AM-1006-02,Gray,False,True,False,False
33F-PM-1012-06,Gray,False,True,False,True
3B-PM-1007-10,Gray,False,False,False,True
2E-PM-1014-02,Gray,False,False,False,True
36F-AM-1017-04,Gray,False,False,False,True
16G-AM-1010-02,Cinnamon,False,False,True,False
3F-PM-1013-03,Cinnamon,False,False,True,False
15D-AM-1007-07,Gray,False,False,False,True
9A-PM-1010-03,Gray,False,False,False,True
4C-AM-1006-02,Gray,False,False,False,True
12E-AM-1017-08,Gray,False,True,False,False
18A-AM-1012-02,Gray,False,True,False,False
8C-PM-1013-07,Gray,False,False,False,True
23B-PM-1012-02,Gray,False,False,False,True
6B-PM-1017-06,Gray,False,True,False,False
23B-PM-1012-05,Gray,False,True,False,False
20F-AM-1014-02,Gray,False,True,False,False
11D-AM-1010-01,Gray,False,True,False,True
9B-AM-1010-01,Gray,False,True,False,False
33E-PM-1012-07,Gray,False,False,False,True
31H-PM-1008-01,Gray,False,False,False,True
31E-PM-1006-01,Gray,False,True,False,False
14F-PM-1012-02,Gray,False,True,False,True
10C-PM-1013-02,Gray,False,True,False,False
22C-PM-1006-06,Cinnamon,False,False,True,False
35G-AM-1007-01,Gray,False,False,False,True
16C-PM-1018-01,Gray,False,True,False,True
22F-PM-1014-03,Gray,False,True,False,False
36I-AM-1017-03,Gray,False,True,False,False
2I-PM-1006-02,Gray,False,True,False,True
12G-AM-1012-01,Cinnamon,False,False,True,False
25A-PM-1007-01,Cinnamon,False,False,True,False
9C-PM-1006-06,Gray,False,True,False,True
6B-PM-1017-03,Gray,False,True,False,False
10D-AM-1008-05,Gray,False,False,False,True
41A-PM-1007-05,Gray,False,True,False,True
13E-AM-1017-12,Gray,False,True,False,False
15E-AM-1013-02,Gray,False,True,False,False
1B-AM-1012-17,Gray,False,True,False,True
36I-PM-1007-06,Cinnamon,False,False,True,True
15F-AM-1007-08,Cinnamon,False,False,False,True
41A-AM-1013-01,Gray,False,True,False,False
8I-PM-1013-09,Gray,False,True,False,True
19B-AM-1019-01,Gray,False,True,False,True
3D-PM-1010-10,Gray,False,False,False,True
15C-PM-1017-02,Gray,False,True,False,False
32A-PM-1013-09,Gray,False,False,False,True
15G-AM-1008-05,Gray,False,True,False,False
4D-PM-1008-01,Cinnamon,False,False,True,True
36A-PM-1013-06,Gray,False,True,False,False
8C-PM-1013-02,Gray,False,True,False,False
6A-AM-1006-07,Gray,False,True,False,True
41E-AM-1007-01,Gray,False,False,False,True
31D-AM-1014-06,Gray,False,True,False,False
3A-AM-1012-03,Gray,True,True,False,False
39F-AM-1014-04,Gray,False,True,False,False
37F-PM-1014-02,Gray,False,True,False,True
21A-AM-1019-08,Gray,False,True,False,False
16C-AM-1014-02,Gray,True,True,False,True
31E-PM-1006-03,Gray,False,True,False,False
36D-PM-1007-02,Gray,False,True,False,False
23B-PM-1012-01,Gray,False,True,False,False
14D-AM-1014-09,Gray,False,True,False,True
35G-PM-1006-01,Black,False,True,False,False
35A-PM-1013-08,Gray,False,False,False,True
39A-PM-1014-01,Gray,False,False,False,True
9C-PM-1006-05,Gray,False,False,False,True
17I-AM-1014-04,Gray,False,True,False,True
14D-AM-1014-12,Gray,False,True,False,True
17I-PM-1017-01,Cinnamon,False,False,False,True
39B-PM-1014-01,Gray,False,False,False,True
42A-AM-1019-01,Gray,False,False,False,True
2E-AM-1010-01,Gray,False,True,False,False
14F-AM-1007-02,Gray,False,True,False,True
36I-AM-1017-04,Gray,False,True,False,False
34B-AM-1013-03,Cinnamon,False,False,True,False
36I-AM-1017-07,Gray,False,True,False,False
2A-PM-1019-01,Gray,False,False,False,True
35D-PM-1013-07,Gray,False,False,False,True
29C-AM-1007-02,Black,False,False,True,False
36B-PM-1013-02,Gray,False,False,False,True
17B-AM-1010-01,Gray,False,True,False,False
30C-AM-1014-02,Gray,False,True,False,False
4D-PM-1008-05,Cinnamon,False,False,True,True
18C-PM-1018-05,Gray,False,True,False,True
11C-PM-1018-01,Gray,False,False,False,True
7E-PM-1013-04,Gray,False,True,False,False
7G-PM-1018-04,Gray,False,True,False,True
39B-PM-1014-02,Gray,False,True,False,False
14E-PM-1017-04,Gray,False,True,False,False
9F-PM-1014-03,Gray,False,True,False,False
2F-PM-1014-03,Gray,False,True,False,False
8E-PM-1008-07,Gray,False,False,False,True
36F-PM-1012-02,Gray,False,True,False,False
8D-PM-1007-01,Gray,False,True,False,False
40D-PM-1013-02,Gray,False,True,False,False
16E-PM-1018-01,Gray,False,True,False,False
2F-PM-1014-08,Gray,True,False,False,False
32A-PM-1013-05,Gray,False,False,False,True
31D-AM-1014-03,Gray,False,False,False,True
17F-AM-1007-02,Cinnamon,False,False,True,False
6A-AM-1006-08,Gray,False,False,False,True
6F-PM-1008-04,Cinnamon,False,False,False,True
2C-AM-1010-08,Gray,False,True,False,False
12F-PM-1007-12,Gray,False,True,False,True
20B-PM-1013-08,Gray,False,False,False,True
11A-PM-1013-05,Cinnamon,False,False,True,False
32F-AM-1012-06,Gray,False,False,False,True
26I-PM-1010-05,Gray,False,True,False,True
21D-PM-1008-05,Gray,False,True,False,False
8H-AM-1017-01,Gray,False,True,False,False
42G-AM-1018-01,Gray,False,True,False,False
9A-AM-1013-02,Gray,False,True,False,False
38E-AM-1010-04,Gray,False,True,False,False
11H-AM-1010-01,Gray,False,False,False,True
11H-PM-1013-01,Gray,False,True,False,True
41B-PM-1014-04,Gray,False,True,False,False
9H-AM-1006-05,Gray,False,False,False,True
10F-PM-1019-10,Gray,False,True,False,False
35D-PM-1013-08,Gray,False,False,False,True
4D-PM-1008-03,Cinnamon,False,False,True,True
37A-PM-1013-01,Gray,False,False,False,True
17F-AM-1007-05,Cinnamon,False,False,True,False
10D-AM-1008-01,Gray,False,False,False,True
32B-AM-1017-01,Gray,False,True,False,False
6A-PM-1012-01,Cinnamon,False,False,False,True
9G-PM-1007-03,Cinnamon,False,False,True,False
9H-PM-1018-02,Gray,False,True,False,True
4D-PM-1008-02,Cinnamon,False,False,True,True
14E-PM-1017-05,Gray,False,False,False,True
13D-AM-1014-10,Gray,False,True,False,False
40G-AM-1007-01,Gray,False,True,False,False
8A-AM-1013-06,Gray,False,True,False,False
20F-PM-1007-09,Cinnamon,False,False,True,False
1H-AM-1012-02,Gray,False,True,False,True
8H-PM-1014-09,Gray,False,True,False,False
13E-PM-1008-11,Gray,False,False,False,True
36H-PM-1008-01,Gray,False,False,False,True
37D-PM-1014-08,Gray,False,True,False,False
32F-PM-1008-08,Gray,False,False,False,True
22H-PM-1007-04,Cinnamon,False,False,True,False
2H-AM-1006-03,Gray,False,True,False,True
6H-PM-1020-03,Gray,False,True,False,False
30B-PM-1019-04,Gray,False,True,False,True
19A-PM-1013-01,Gray,False,False,False,True
33E-AM-1014-12,Gray,False,False,False,True
9I-AM-1014-06,Cinnamon,False,False,False,True
9I-PM-1010-04,Cinnamon,False,False,True,False
1D-PM-1007-04,Cinnamon,False,False,True,False
10G-AM-1006-02,Gray,False,True,False,False
4G-PM-1007-01,Gray,False,True,False,True
16F-AM-1008-01,Cinnamon,False,False,True,True
17F-PM-1020-01,Gray,False,True,False,False
22B-PM-1014-07,Gray,False,True,False,False
2C-PM-1013-03,Gray,False,False,False,True
21F-AM-1018-06,Cinnamon,False,False,True,False
35C-PM-1013-05,Gray,False,True,False,False
30B-PM-1019-03,Gray,True,False,False,False
8A-AM-1013-02,Gray,False,True,False,False
11D-AM-1010-05,Gray,False,True,False,False
18C-PM-1018-02,Gray,False,True,False,False
16D-AM-1007-01,Gray,False,False,False,True
3B-AM-1010-10,Cinnamon,False,False,True,True
2A-PM-1019-04,Gray,False,False,False,True
1B-AM-1012-11,Cinnamon,False,False,False,True
16I-AM-1008-04,Cinnamon,False,False,True,False
22G-AM-1018-01,Gray,False,True,False,False
34H-PM-1006-04,Gray,False,True,False,False
30B-PM-1019-02,Gray,True,True,False,True
13F-AM-1007-01,Gray,False,True,False,False
2F-AM-1006-03,Gray,False,True,False,False
8I-PM-1013-05,Gray,False,True,False,True
9E-PM-1014-01,Gray,False,True,False,False
32I-AM-1013-06,Cinnamon,False,False,True,False
10G-AM-1006-09,Gray,False,False,False,True
8H-AM-1017-05,Gray,False,True,False,False
15B-AM-1014-03,Gray,False,True,False,False
41D-PM-1014-04,Gray,False,True,False,False
39H-PM-1013-03,Gray,False,True,False,True
7C-PM-1020-05,Gray,False,True,False,False
32A-PM-1013-01,Gray,False,False,False,True
13E-PM-1008-03,Gray,False,False,False,True
36B-PM-1013-04,Gray,False,True,False,False
13E-PM-1008-09,Gray,False,False,False,True
8B-PM-1012-04,Gray,False,True,False,True
42D-PM-1013-04,Cinnamon,False,False,True,False
1E-AM-1006-02,Gray,False,True,False,False
14D-AM-1014-04,Gray,False,True,False,True
40B-PM-1014-07,Gray,False,True,False,False
38B-PM-1018-01,Cinnamon,False,False,True,False
14F-AM-1007-01,Gray,False,True,False,False
15B-AM-1014-01,Gray,False,True,False,False
27I-PM-1020-02,Gray,False,False,False,True
6A-AM-1006-05,Gray,False,True,False,True
30I-PM-1006-06,Gray,False,False,False,True
41C-AM-1017-02,Cinnamon,False,False,True,False
5B-PM-1013-01,Gray,False,True,False,False
40C-AM-1017-05,Gray,False,False,False,True
31B-PM-1007-01,Gray,False,True,False,False
1A-AM-1007-04,Cinnamon,False,False,True,False
33D-AM-1017-02,Black,False,True,False,False
3F-PM-1013-07,Gray,False,True,False,False
8F-PM-1012-08,Gray,False,True,False,False
39C-AM-1017-02,Gray,False,True,False,False
2G-PM-1007-01,Gray,False,True,False,False
42E-PM-1012-02,Gray,False,True,False,False
12F-PM-1007-02,Cinnamon,False,False,True,False
14H-AM-1007-03,Gray,False,True,False,True
3I-PM-1013-06,Gray,False,True,False,False
17I-AM-1014-02,Cinnamon,False,False,False,True
34A-PM-1013-04,Gray,False,True,False,False
38G-PM-1020-06,Cinnamon,False,False,False,True
6G-AM-1008-04,Gray,False,True,False,False
11H-AM-1010-07,Gray,False,False,False,True
15F-AM-1007-10,Cinnamon,False,False,True,False
5B-PM-1013-04,Gray,False,False,False,True
7G-PM-1018-02,Gray,False,False,False,True
12E-PM-1018-02,Black,False,True,False,True
1E-AM-1006-04,Cinnamon,False,False,True,False
15H-PM-1008-04,Gray,False,True,False,False
23B-PM-1012-07,Gray,False,True,False,False
7H-AM-1006-07,Gray,False,True,False,False
13D-PM-1018-12,Gray,False,False,False,True
32F-PM-1008-02,Gray,False,False,False,True
5B-AM-1008-01,Gray,False,True,False,False
10A-PM-1014-02,Gray,True,True,False,False
37A-AM-1012-01,Cinnamon,False,False,True,False
6C-AM-1007-06,Gray,False,True,False,False
1B-AM-1012-14,Gray,False,True,False,False
35H-AM-1013-02,Cinnamon,False,False,True,False
33E-AM-1014-07,Gray,False,True,False,True
1A-PM-1014-07,Gray,False,True,False,False
7H-PM-1006-08,Gray,False,False,False,True
37H-PM-1006-01,Gray,False,False,False,True
23F-PM-1013-02,Gray,False,True,False,True
12H-PM-1007-01,Gray,False,True,False,False
21H-PM-1018-01,Gray,False,True,False,False
35C-PM-1013-06,Gray,False,True,False,False
37G-PM-1007-01,Gray,False,True,False,False
10D-AM-1008-03,Gray,False,False,False,True
12F-PM-1007-01,Cinnamon,False,False,True,False
18A-AM-1012-01,Gray,False,True,False,True
36C-AM-1014-01,Gray,False,True,False,False
36F-AM-1017-02,Gray,False,True,False,False
16I-AM-1008-03,Cinnamon,False,False,True,True
3H-PM-1014-05,Gray,False,False,False,True
14H-PM-1012-02,Gray,False,True,False,True
4C-PM-1010-08,Gray,False,True,False,True
20B-AM-1007-03,Gray,False,False,False,True
3D-PM-1010-07,Cinnamon,False,False,False,True
21G-AM-1014-06,Gray,False,True,False,False
6E-PM-1010-05,Cinnamon,False,False,False,True
41G-AM-1013-02,Gray,False,True,False,True
2C-PM-1013-11,Gray,False,False,False,True
3A-PM-1017-07,Cinnamon,False,False,False,True
13D-PM-1018-06,Gray,False,False,False,True
16B-AM-1014-02,Gray,False,True,False,False
15H-PM-1008-01,Cinnamon,False,False,True,False
16B-PM-1017-02,Gray,False,False,False,True
35A-AM-1014-08,Cinnamon,False,False,False,True
16G-AM-1010-05,Gray,False,False,False,True
4D-PM-1008-07,Cinnamon,False,False,True,True
34A-PM-1013-03,Gray,False,True,False,False
32D-AM-1013-03,Cinnamon,False,False,True,False
1C-PM-1013-04,Cinnamon,False,False,False,True
12A-PM-1013-03,Gray,False,True,False,False
38E-PM-1014-01,Gray,False,False,False,True
23I-AM-1019-01,Gray,False,True,False,False
5A-PM-1010-02,Gray,False,False,False,True
21F-PM-1018-01,Cinnamon,False,False,True,False
6I-PM-1013-05,Gray,False,False,False,True
5C-PM-1010-12,Cinnamon,False,False,False,True
14G-AM-1012-03,Gray,False,True,False,False
18C-PM-1018-06,Gray,False,True,False,True
21C-AM-1014-02,Gray,False,True,False,False
4B-AM-1010-01,Gray,True,True,False,False
14F-PM-1012-05,Cinnamon,False,False,True,True
1B-AM-1012-06,Gray,False,True,False,False
7A-PM-1007-02,Gray,False,True,False,False
35F-AM-1007-01,Gray,False,True,False,False
30A-PM-1020-02,Gray,False,True,False,True
16E-PM-1018-05,Gray,False,True,False,False
1B-PM-1019-09,Gray,False,False,False,True
40D-PM-1013-04,Gray,False,True,False,False
1A-PM-1014-04,Cinnamon,False,False,False,True
40I-PM-1013-01,Gray,False,True,False,False
8H-AM-1017-02,Gray,False,True,False,False
23F-PM-1013-01,Gray,False,True,False,True
9I-PM-1010-01,Gray,False,True,False,True
17G-PM-1017-04,Gray,False,False,False,True
38I-PM-1014-01,Gray,False,True,False,True
1B-PM-1019-01,Gray,False,False,False,True
40B-AM-1019-08,Gray,False,False,False,True
15G-PM-1019-02,Gray,False,True,False,False
1C-PM-1013-02,Cinnamon,False,False,False,True
32G-PM-1013-01,Gray,False,True,False,False
31A-PM-1017-03,Gray,False,True,False,True
22B-PM-1014-06,Gray,False,True,False,False
40B-AM-1019-05,Gray,False,True,False,True
9B-PM-1013-08,Cinnamon,True,False,False,True
22F-AM-1007-04,Cinnamon,False,False,True,False
6A-AM-1006-02,Gray,False,True,False,True
7I-PM-1013-02,Gray,False,False,False,True
36A-AM-1018-02,Gray,False,False,False,True
10A-AM-1006-02,Gray,False,False,False,True
36A-PM-1013-01,Gray,False,True,False,False
28A-PM-1007-01,Gray,False,True,False,False
5C-AM-1006-07,Gray,False,True,False,False
10G-PM-1017-07,Black,False,False,False,True
38F-PM-1013-01,Gray,False,True,False,False
9H-AM-1006-01,Gray,False,False,False,True
6F-AM-1006-01,Cinnamon,False,False,True,False
15D-AM-1007-06,Gray,False,True,False,False
8B-AM-1007-07,Gray,True,False,False,False
38G-PM-1020-02,Gray,False,True,False,False
22D-PM-1012-06,Gray,True,True,False,True
2D-AM-1007-02,Gray,False,True,False,True
1C-PM-1013-09,Cinnamon,False,False,True,False
33E-AM-1014-04,Black,False,True,False,True
41B-AM-1010-05,Gray,False,False,False,True
35D-PM-1013-01,Gray,False,False,False,True
5C-PM-1010-07,Cinnamon,False,False,True,False
36F-PM-1012-07,Gray,False,False,False,True
7G-AM-1010-06,Cinnamon,False,False,False,True
21C-AM-1014-01,Gray,False,True,False,False
2C-AM-1010-07,Gray,False,True,False,True
13E-PM-1008-04,Gray,False,True,False,False
6G-AM-1008-01,Gray,False,True,False,False
21E-AM-1017-01,Gray,False,False,False,True
13D-PM-1018-03,Gray,False,True,False,True
3F-AM-1006-07,Gray,False,True,False,True
14A-PM-1014-07,Gray,False,True,False,True
41E-AM-1007-04,Cinnamon,False,False,False,True
21D-PM-1008-06,Gray,False,True,False,True
37C-AM-1012-03,Gray,False,True,False,False
38C-PM-1014-03,Gray,False,True,False,False
5B-PM-1013-02,Gray,False,False,False,True
37I-AM-1010-03,Cinnamon,False,False,True,False
10I-AM-1010-02,Gray,False,False,False,True
7B-AM-1008-15,Gray,False,True,False,False
2C-AM-1010-02,Gray,False,True,False,False
5C-PM-1010-05,Gray,False,False,False,True
16E-PM-1018-07,Gray,False,True,False,False
2C-PM-1013-01,Gray,False,False,False,True
6H-AM-1008-02,Cinnamon,False,False,True,False
31C-PM-1010-03,Gray,False,False,False,True
29A-PM-1019-01,Gray,False,True,False,False
22E-PM-1014-01,Gray,False,True,False,False
40D-PM-1013-06,Gray,False,True,False,False
7H-AM-1006-12,Cinnamon,False,False,True,False
3A-PM-1017-01,Cinnamon,False,False,True,False
1C-PM-1013-07,Cinnamon,False,False,True,False
6E-PM-1010-04,Cinnamon,False,False,False,True
39D-PM-1012-02,Gray,False,False,False,True
36E-PM-1012-01,Gray,False,True,False,False
7H-AM-1006-08,Gray,False,True,False,False
35D-AM-1019-02,Gray,True,True,False,True
4D-PM-1008-12,Cinnamon,False,False,True,True
11D-PM-1006-03,Cinnamon,False,False,True,False
15G-AM-1008-06,Cinnamon,False,False,False,True
33E-PM-1012-05,Gray,False,False,False,True
14D-AM-1014-15,Gray,False,True,False,True
6I-PM-1013-04,Black,False,False,True,False
3A-AM-1012-02,Gray,True,True,False,False
4D-AM-1012-01,Gray,False,True,False,True
18I-PM-1007-08,Gray,False,True,False,False
10G-AM-1006-04,Gray,False,False,False,True
32D-PM-1006-01,Gray,False,True,False,True
30I-PM-1006-01,Gray,False,False,False,True
3F-PM-1013-01,Gray,False,True,False,False
37E-AM-1013-01,Gray,False,False,False,True
36H-AM-1010-01,Gray,True,False,False,False
42D-AM-1014-03,Gray,False,False,False,True
12G-PM-1007-03,Cinnamon,False,False,True,False
13D-PM-1018-05,Gray,False,True,False,True
34D-PM-1007-01,Gray,False,False,False,True
15G-PM-1019-01,Gray,False,True,False,False
11E-PM-1012-01,Gray,False,False,False,True
38E-AM-1010-05,Gray,False,True,False,False
41E-AM-1007-05,Gray,False,False,False,True
3C-AM-1007-02,Gray,False,True,False,True
2G-PM-1007-03,Gray,False,True,False,False
6C-AM-1007-03,Gray,False,False,False,True
19H-AM-1010-02,Gray,False,True,False,True
26I-PM-1010-01,Gray,False,True,False,True
6B-AM-1012-02,Gray,False,True,False,False
1G-PM-1010-02,Gray,False,True,False,False
30I-PM-1006-07,Cinnamon,False,False,True,False
8I-AM-1006-09,Gray,False,True,False,True
5G-PM-1010-05,Gray,False,True,False,False
13D-PM-1018-07,Gray,False,True,False,False
19C-PM-1018-08,Gray,False,True,False,True
6B-PM-1017-01,Gray,False,False,False,True
32C-PM-1013-07,Gray,False,True,False,False
28A-PM-1007-04,Gray,False,False,False,True
34E-PM-1006-02,Black,False,False,True,True
7E-PM-1013-02,Gray,False,True,False,False
33B-AM-1010-05,Gray,False,False,False,True
1B-AM-1012-16,Gray,False,False,False,True
32D-AM-1013-01,Cinnamon,False,False,True,False
18I-AM-1017-01,Cinnamon,True,False,False,False
9A-AM-1013-10,Cinnamon,False,False,True,False
37H-AM-1018-04,Gray,False,False,False,True
8I-AM-1006-03,Gray,False,False,False,True
14D-AM-1014-08,Gray,False,True,False,True
32B-PM-1010-04,Gray,False,True,False,False
7F-AM-1008-14,Gray,False,True,False,False
15C-PM-1017-05,Gray,False,True,False,False
38G-PM-1020-05,Gray,False,True,False,False
38G-PM-1020-04,Gray,False,True,False,False
28B-PM-1010-02,Gray,False,False,False,True
36F-AM-1017-03,Gray,False,True,False,False
7B-AM-1008-13,Gray,False,True,False,False
2A-AM-1010-01,Gray,False,True,False,False
38C-AM-1019-10,Gray,False,False,False,True
3C-PM-1008-01,Cinnamon,False,False,True,True
36A-PM-1013-02,Gray,False,True,False,False
9H-AM-1006-02,Gray,False,False,False,True
35E-AM-1020-04,Gray,False,True,False,False
29A-PM-1019-03,Black,False,True,False,False
19C-PM-1018-03,Gray,False,True,False,False
13D-AM-1014-03,Gray,False,False,False,True
16C-PM-1018-02,Gray,False,True,False,True
18G-AM-1014-01,Gray,False,False,False,True
1E-AM-1006-05,Gray,False,True,False,False
13G-PM-1008-04,Gray,False,True,False,False
9B-PM-1013-05,Gray,False,False,False,True
12F-PM-1007-08,Gray,False,True,False,False
37C-PM-1013-04,Gray,False,False,False,True
5F-AM-1007-01,Gray,False,True,False,False
37C-PM-1013-02,Gray,False,True,False,True
38C-AM-1019-11,Gray,False,False,False,True
1B-PM-1019-04,Gray,False,False,False,True
39A-AM-1013-01,Cinnamon,False,False,True,True
1A-AM-1007-01,Gray,False,False,False,True
41B-AM-1010-02,Gray,False,False,False,True
16E-PM-1018-02,Cinnamon,False,False,True,False
11A-PM-1013-04,Cinnamon,False,False,True,False
17F-AM-1007-03,Cinnamon,False,False,False,True
3E-PM-1008-06,Gray,False,True,False,False
25I-PM-1007-02,Gray,False,False,False,True
24I-AM-1019-01,Gray,False,False,False,True
14D-AM-1014-06,Gray,False,True,False,True
27I-AM-1007-03,Gray,False,True,False,False
6I-AM-1006-01,Gray,False,True,False,False
13E-PM-1008-01,Gray,False,False,False,True
35C-AM-1007-01,Gray,False,True,False,False
33A-AM-1008-01,Gray,False,True,False,True
34F-PM-1012-01,Gray,False,False,False,True
2E-AM-1010-04,Gray,False,True,False,True
3I-PM-1013-02,Cinnamon,False,False,True,False
9E-AM-1008-02,Gray,False,False,False,True
10B-AM-1006-01,Gray,False,True,False,False
14B-PM-1014-03,Gray,False,True,False,False
4D-AM-1012-02,Gray,False,True,False,False
34C-PM-1012-03,Gray,False,True,False,False
4C-PM-1010-03,Cinnamon,False,False,True,False
37E-AM-1013-04,Gray,False,True,False,True
18H-AM-1018-02,Gray,False,True,False,False
28B-AM-1007-01,Gray,False,True,False,False
40E-AM-1014-04,Gray,False,False,False,True
7H-AM-1006-02,Gray,False,True,False,False
11E-PM-1012-05,Gray,False,False,False,True
13F-AM-1007-04,Cinnamon,False,False,True,False
11E-PM-1012-04,Gray,False,False,False,True
39D-PM-1012-03,Gray,False,False,False,True
33F-PM-1012-04,Gray,False,True,False,True
33A-PM-1018-04,Gray,False,True,False,False
37H-PM-1006-06,Gray,False,True,False,False
13C-PM-1019-03,Gray,False,False,False,True
20F-PM-1007-05,Gray,False,False,False,True
22B-AM-1013-05,Gray,False,True,False,False
29B-PM-1010-04,Gray,False,True,False,True
7H-AM-1006-10,Gray,False,True,False,False
13F-PM-1008-02,Gray,False,True,False,False
33F-PM-1012-03,Black,False,False,True,False
3A-PM-1017-04,Gray,False,True,False,False
37C-AM-1012-02,Gray,False,True,False,False
25A-AM-1013-01,Gray,False,False,False,True
34A-PM-1013-02,Gray,False,True,False,False
38G-PM-1020-03,Gray,False,True,False,False
36C-AM-1014-02,Gray,False,False,False,True
12E-AM-1017-07,Gray,False,True,False,False
2C-PM-1013-12,Gray,False,False,False,True
42H-PM-1014-05,Gray,False,False,False,True
14B-PM-1014-01,Gray,False,True,False,False
12E-AM-1017-05,Gray,False,True,False,False
2A-AM-1010-04,Cinnamon,False,False,True,False
22B-AM-1013-01,Gray,False,True,False,False
39H-AM-1007-03,Gray,False,False,False,True
8B-AM-1007-06,Gray,False,False,False,True
21H-AM-1017-01,Gray,False,True,False,False
6C-AM-1007-01,Gray,False,False,False,True
36A-PM-1013-05,Gray,False,True,False,False
13E-AM-1017-03,Gray,False,False,False,True
11D-PM-1006-01,Gray,False,True,False,False
5G-PM-1010-01,Cinnamon,False,False,True,False
14B-PM-1014-04,Gray,False,True,False,False
13F-PM-1008-04,Gray,False,True,False,False
16H-PM-1014-03,Gray,False,False,False,True
7G-AM-1010-01,Gray,False,True,False,False
5G-AM-1006-01,Gray,True,False,False,False
28A-PM-1007-03,Cinnamon,False,False,True,False
38G-PM-1020-08,Gray,False,True,False,True
39G-PM-1013-02,Gray,False,True,False,False
22G-AM-1018-04,Gray,False,True,False,False
11D-PM-1006-05,Gray,False,True,False,True
16F-PM-1013-06,Gray,False,True,False,False
9E-AM-1008-01,Gray,False,True,False,False
39G-PM-1013-03,Gray,False,True,False,False
26A-PM-1006-01,Gray,False,True,False,False
14B-PM-1014-02,Gray,False,True,False,False
8I-AM-1006-04,Gray,False,False,False,True
19C-PM-1018-06,Gray,False,True,False,False
21H-PM-1018-02,Gray,False,True,False,False
3D-PM-1010-08,Gray,False,False,False,True
39I-PM-1013-04,Gray,False,True,False,False
17D-AM-1008-01,Gray,False,False,False,True
6E-PM-1010-02,Cinnamon,False,False,False,True
10A-PM-1014-03,Gray,True,True,False,True
10H-AM-1014-01,Gray,False,True,False,False
40B-AM-1019-06,Gray,False,False,False,True
40B-AM-1019-06,Gray,False,False,False,True
40B-AM-1019-06,Gray,False,False,False,True
40B-AM-1019-06,Gray,False,False,False,True
13D-PM-1018-04,Gray,False,False,False,True
31D-PM-1006-03,Gray,False,True,False,False
18I-PM-1007-07,Gray,False,True,False,False
18F-PM-1008-01,Gray,False,False,False,True
33E-PM-1012-04,Gray,False,False,False,True
3B-AM-1010-03,Gray,False,True,False,False
1D-AM-1006-01,Gray,False,False,False,True
6A-PM-1012-03,Cinnamon,False,False,False,True
8I-PM-1013-02,Gray,False,True,False,True
1D-AM-1006-06,Gray,False,True,False,True
3F-AM-1006-06,Gray,False,True,False,False
7H-AM-1006-09,Gray,False,True,False,False
32A-PM-1013-08,Gray,False,False,False,True
27I-AM-1007-01,Cinnamon,False,False,True,False
31A-PM-1017-02,Cinnamon,False,False,False,True
15D-PM-1017-02,Gray,False,True,False,False
1B-AM-1012-13,Gray,False,True,False,False
4C-PM-1010-12,Gray,False,True,False,False
16F-PM-1013-05,Gray,False,True,False,False
41E-PM-1013-03,Cinnamon,False,False,True,True
34A-AM-1012-02,Gray,False,True,False,True
20F-PM-1007-08,Cinnamon,False,False,False,True
8E-AM-1013-02,Gray,False,True,False,False
6B-AM-1012-01,Gray,False,True,False,False
4C-PM-1010-07,Gray,False,False,False,True
14C-PM-1006-01,Gray,False,True,False,False
1B-PM-1019-08,Gray,False,False,False,True
21A-AM-1019-04,Gray,True,False,False,False
38C-PM-1014-05,Gray,False,True,False,True
36A-PM-1013-04,Gray,False,False,False,True
14C-PM-1006-03,Gray,False,True,False,False
2B-PM-1013-05,Gray,False,False,False,True
8I-AM-1006-01,Gray,False,False,False,True
34B-PM-1007-01,Gray,False,False,False,True
40B-AM-1019-04,Gray,False,True,False,True
31H-PM-1008-05,Gray,False,True,False,True
16F-AM-1008-02,Gray,False,True,False,True
4E-AM-1020-02,Gray,False,True,False,True
4B-AM-1010-04,Gray,False,True,False,False
2F-AM-1006-04,Gray,False,True,False,True
42D-PM-1013-02,Cinnamon,False,False,True,False
42D-AM-1014-02,Gray,False,True,False,True
14A-PM-1014-05,Gray,False,False,False,True
14F-PM-1012-09,Cinnamon,False,False,True,True
39F-PM-1006-04,Gray,False,True,False,False
18I-PM-1007-01,Gray,False,True,False,False
2A-AM-1010-07,Gray,False,True,False,False
38E-AM-1010-01,Gray,False,True,False,False
21G-PM-1007-03,Gray,False,True,False,False
3F-AM-1006-04,Cinnamon,False,False,False,True
8D-PM-1007-03,Cinnamon,False,False,True,False
22G-AM-1018-03,Gray,False,True,False,False
8E-AM-1013-01,Gray,False,True,False,False
35A-PM-1013-09,Gray,False,True,False,False
1I-PM-1012-02,Gray,True,True,False,True
26I-PM-1010-03,Gray,True,True,False,True
7H-AM-1006-01,Gray,False,True,False,False
36I-PM-1007-11,Cinnamon,False,False,True,False
41D-PM-1014-02,Gray,False,True,False,False
7I-PM-1013-04,Cinnamon,False,False,True,False
14A-PM-1014-04,Gray,False,True,False,True
8E-PM-1008-06,Gray,False,False,False,True
2C-PM-1013-07,Gray,False,False,False,True
10A-AM-1006-01,Cinnamon,False,False,False,True
42I-PM-1014-02,Cinnamon,False,False,False,True
21A-AM-1019-01,Gray,True,False,False,False
19B-PM-1018-04,Gray,False,True,False,True
40D-PM-1013-07,Gray,False,True,False,False
8I-AM-1006-07,Gray,False,False,False,True
4A-PM-1007-05,Gray,False,False,False,True
5E-AM-1008-02,Gray,False,True,False,False
38E-AM-1010-10,Gray,False,True,False,False
17D-AM-1008-04,Gray,False,False,False,True
9E-AM-1008-03,Gray,False,True,False,False
18H-PM-1014-01,Gray,False,False,False,True
2G-PM-1007-02,Gray,False,True,False,False
14F-PM-1012-03,Gray,False,True,False,True
9I-PM-1010-06,Gray,False,True,False,False
22I-AM-1007-01,Gray,False,False,False,True
29B-PM-1010-03,Gray,False,False,False,True
37E-PM-1006-05,Gray,False,True,False,False
37B-PM-1013-02,Gray,False,True,False,False
18I-PM-1007-03,Cinnamon,False,False,True,False
23F-PM-1013-03,Gray,False,True,False,True
1C-PM-1013-01,Cinnamon,False,False,True,True
18E-PM-1006-01,Gray,False,False,False,True
39A-PM-1014-03,Gray,False,True,False,True
4E-PM-1008-07,Gray,False,True,False,False
41E-PM-1013-01,Gray,False,False,False,True
19B-PM-1018-02,Gray,True,True,False,False
32D-AM-1013-05,Gray,False,True,False,False
31B-PM-1007-02,Gray,False,True,False,False
19A-PM-1013-06,Gray,False,False,False,True
37E-PM-1006-01,Gray,False,True,False,False
21H-PM-1018-04,Gray,False,True,False,False
9A-AM-1013-05,Gray,False,True,False,False
36B-AM-1013-01,Gray,False,False,False,True
35A-AM-1014-02,Gray,False,True,False,True
4C-AM-1006-04,Gray,False,False,False,True
34I-AM-1012-04,Gray,False,True,False,True
3A-PM-1017-02,Cinnamon,False,False,False,True
9B-AM-1010-02,Gray,False,True,False,False
1B-AM-1012-02,Cinnamon,False,False,True,False
12E-AM-1017-02,Gray,False,False,False,True
40D-AM-1013-02,Gray,False,True,False,False
7F-PM-1012-02,Gray,False,True,False,False
32F-AM-1012-02,Gray,False,True,False,True
2B-AM-1010-05,Gray,False,True,False,False
14I-PM-1018-04,Cinnamon,False,False,True,False
9I-AM-1014-08,Gray,False,True,False,False
10H-PM-1007-01,Gray,False,False,False,True
2C-PM-1013-05,Gray,False,False,False,True
4A-PM-1007-04,Gray,False,False,False,True
37I-AM-1010-05,Gray,False,True,False,False
38E-PM-1014-05,Gray,False,True,False,False
12H-PM-1007-07,Gray,False,True,False,False
35B-AM-1010-03,Gray,False,True,False,False
17I-AM-1014-01,Cinnamon,False,False,True,True
41B-AM-1010-10,Cinnamon,False,False,False,True
8E-PM-1008-02,Black,False,True,False,False
33F-PM-1012-01,Gray,False,True,False,True
8I-AM-1006-05,Gray,False,False,False,True
15H-AM-1013-03,Gray,False,False,False,True
40D-AM-1013-03,Gray,False,True,False,False
11A-PM-1013-02,Cinnamon,False,False,True,False
14B-PM-1014-07,Gray,False,True,False,False
19F-PM-1017-05,Gray,False,True,False,False
3F-AM-1006-13,Gray,False,False,False,True
31E-PM-1006-08,Gray,False,True,False,False
38C-AM-1019-05,Gray,False,False,False,True
38C-AM-1019-03,Gray,False,False,False,True
40B-PM-1014-08,Gray,False,True,False,False
2E-AM-1010-05,Gray,False,True,False,False
36C-AM-1014-04,Gray,False,False,False,True
3D-PM-1010-14,Gray,False,True,False,False
6G-AM-1008-06,Gray,False,True,False,True
14F-PM-1012-08,Cinnamon,False,False,True,True
38I-PM-1014-03,Cinnamon,False,False,True,True
12E-AM-1017-06,Gray,False,True,False,False
9H-AM-1006-03,Gray,False,False,False,True
30A-PM-1020-04,Gray,False,True,False,True
34C-PM-1012-02,Gray,False,True,False,False
38F-PM-1013-02,Gray,False,True,False,False
4G-AM-1006-05,Gray,False,False,False,True
13A-AM-1017-05,Gray,False,False,False,True
14D-AM-1014-13,Gray,False,True,False,True
13D-PM-1018-11,Gray,False,False,False,True
8I-AM-1006-10,Gray,False,True,False,True
13D-AM-1014-07,Gray,False,True,False,True
2E-AM-1010-07,Gray,False,True,False,True
7I-PM-1013-07,Gray,False,True,False,True
31I-PM-1019-03,Gray,False,True,False,False
4B-AM-1010-05,Cinnamon,False,False,True,False
14D-AM-1014-05,Gray,False,True,False,True
40B-AM-1019-01,Gray,False,False,False,True
8E-PM-1008-04,Gray,False,False,False,True
33E-AM-1014-06,Gray,False,False,False,True
1A-AM-1007-02,Gray,False,False,False,True
33E-PM-1012-06,Gray,False,False,False,True
22D-PM-1012-02,Gray,True,False,False,True
20B-AM-1007-02,Cinnamon,False,False,True,False
15E-AM-1013-04,Gray,False,True,False,False
35E-AM-1020-01,Gray,False,True,False,True
7H-AM-1006-16,Gray,False,True,False,False
7G-AM-1010-07,Gray,False,False,False,True
31E-PM-1006-06,Gray,False,True,False,False
17B-AM-1010-02,Cinnamon,False,False,True,False
4C-PM-1010-14,Cinnamon,False,False,True,False
31C-PM-1010-01,Gray,False,False,False,True
9G-PM-1007-04,Gray,False,False,False,True
4C-PM-1010-16,Gray,False,False,False,True
40H-AM-1017-01,Gray,False,True,False,False
21B-PM-1017-03,Cinnamon,False,False,False,True
8C-PM-1013-03,Gray,False,False,False,True
1I-PM-1012-01,Gray,True,True,False,True
15F-AM-1007-07,Cinnamon,True,False,False,False
24A-AM-1014-02,Gray,False,True,False,False
19F-PM-1017-07,Cinnamon,False,False,True,False
1D-PM-1007-02,Gray,False,True,False,True
36B-PM-1013-01,Gray,False,True,False,True
3B-AM-1010-05,Gray,False,False,False,True
8B-PM-1012-09,Gray,False,True,False,False
22H-PM-1007-03,Gray,False,False,False,True
2C-PM-1013-10,Gray,False,False,False,True
4I-AM-1006-02,Gray,False,True,False,False
2B-AM-1010-08,Cinnamon,False,False,True,True
5F-AM-1007-03,Gray,False,True,False,False
12H-PM-1007-06,Gray,False,True,False,False
2E-PM-1014-03,Gray,False,False,False,True
3E-AM-1006-07,Gray,False,True,False,False
6C-AM-1007-07,Gray,False,True,False,False
19D-PM-1008-03,Gray,False,True,False,True
39E-PM-1013-01,Gray,False,True,False,False
30B-PM-1019-01,Gray,False,True,False,True
15C-PM-1017-04,Gray,False,True,False,False
37G-AM-1014-06,Gray,False,False,False,True
5E-PM-1012-06,Cinnamon,False,False,True,True
38E-PM-1014-02,Gray,False,False,False,True
14I-PM-1018-03,Gray,True,False,False,False
36I-PM-1007-12,Gray,False,True,False,False
14A-PM-1014-03,Gray,False,True,False,True
38I-AM-1019-01,Gray,False,True,False,False
4E-PM-1008-06,Gray,False,True,False,False
38E-AM-1010-08,Gray,False,True,False,False
3H-PM-1014-02,Gray,False,True,False,False
38B-AM-1019-02,Gray,False,True,False,True
20C-PM-1018-07,Cinnamon,False,False,False,True
3F-AM-1006-05,Cinnamon,False,False,True,False
1G-AM-1006-03,Black,False,True,False,False
14D-PM-1019-09,Gray,False,True,False,False
6I-PM-1013-01,Gray,True,False,False,False
38F-AM-1018-02,Gray,False,True,False,True
10C-PM-1013-01,Gray,False,True,False,False
10F-PM-1019-07,Gray,False,True,False,False
7G-PM-1018-01,Gray,False,True,False,True
10I-AM-1010-04,Gray,False,False,False,True
12F-PM-1007-13,Gray,False,True,False,False
21B-AM-1019-03,Gray,False,True,False,False
4C-PM-1010-02,Cinnamon,False,False,True,False
12F-PM-1007-06,Gray,False,True,False,True
36I-AM-1017-01,Gray,False,False,False,True
3D-PM-1010-11,Gray,False,False,False,True
31F-PM-1007-03,Gray,False,False,False,True
2B-PM-1013-09,Gray,False,False,False,True
21B-PM-1017-02,Cinnamon,False,False,False,True
29C-PM-1006-01,Gray,False,True,False,False
29C-AM-1007-04,Gray,False,True,False,False
2F-AM-1006-02,Gray,False,True,False,False
5E-AM-1008-05,Gray,False,True,False,False
37G-AM-1014-01,Gray,False,False,False,True
5H-AM-1007-01,Gray,False,True,False,False
20F-PM-1007-14,Gray,False,False,False,True
35D-PM-1013-02,Gray,False,False,False,True
13H-AM-1013-01,Gray,False,False,False,True
41C-AM-1017-03,Gray,False,False,False,True
35H-AM-1013-01,Cinnamon,False,False,True,False
39G-PM-1013-01,Gray,False,True,False,False
5E-PM-1012-05,Cinnamon,False,False,True,True
5F-PM-1007-06,Gray,False,True,False,False
35C-AM-1007-02,Gray,False,True,False,False
30B-PM-1019-05,Gray,False,True,False,True
10I-PM-1013-01,Gray,False,True,False,True
20G-PM-1013-02,Gray,False,True,False,True
4A-PM-1007-02,Gray,False,True,False,True
2A-PM-1019-02,Gray,False,False,False,True
6F-PM-1008-02,Gray,False,True,False,False
41E-PM-1013-04,Cinnamon,False,False,False,True
20F-PM-1007-06,Gray,False,True,False,False
9F-PM-1014-01,Gray,False,True,False,False
8C-PM-1013-06,Cinnamon,False,False,True,False
20G-PM-1013-03,Gray,True,True,False,True
13F-AM-1007-03,Gray,False,True,False,False
14F-AM-1007-04,Gray,True,True,False,True
33A-PM-1018-02,Gray,False,True,False,False
35G-AM-1007-02,Gray,False,False,False,True
38D-PM-1006-02,Gray,False,True,False,False
4E-PM-1008-01,Gray,False,True,False,False
4C-PM-1010-01,Gray,False,True,False,False
38C-AM-1019-09,Gray,False,False,False,True
37D-AM-1018-02,Gray,False,False,False,True
22B-PM-1014-01,Gray,False,True,False,False
6G-AM-1008-03,Gray,False,False,False,True
10D-PM-1008-01,Cinnamon,False,False,True,False
6A-AM-1006-01,Gray,False,False,False,True
13B-PM-1008-02,Gray,False,False,False,True
40B-AM-1019-07,Gray,False,False,False,True
41B-PM-1014-03,Gray,False,False,False,True
40C-AM-1017-03,Gray,False,False,False,True
5B-AM-1008-02,Gray,False,True,False,False
31E-PM-1006-05,Gray,False,True,False,False
4C-PM-1010-10,Gray,False,False,False,True
34H-PM-1006-07,Gray,False,False,False,True
39H-AM-1007-04,Cinnamon,False,False,True,False
32F-AM-1012-05,Gray,False,False,False,True
6D-AM-1008-01,Cinnamon,False,False,False,True
11H-AM-1010-06,Cinnamon,False,False,False,True
37I-PM-1006-01,Cinnamon,True,False,True,False
29B-PM-1010-01,Cinnamon,False,False,True,True
35C-PM-1013-04,Gray,False,True,False,False
35D-PM-1013-05,Gray,False,False,False,True
8I-PM-1013-07,Gray,False,True,False,True
2C-PM-1013-04,Gray,False,False,False,True
40A-PM-1014-01,Gray,False,True,False,False
36F-PM-1012-01,Gray,False,True,False,True
40B-PM-1014-03,Gray,False,True,False,False
13D-AM-1014-11,Gray,False,True,False,False
14H-PM-1012-08,Gray,False,True,False,False
22H-PM-1007-02,Cinnamon,False,False,True,False
22B-PM-1014-02,Gray,False,True,False,False
4F-PM-1013-01,Cinnamon,True,False,True,False
41I-AM-1018-01,Cinnamon,False,False,True,False
19D-AM-1007-02,Gray,False,True,False,False
14D-AM-1014-14,Gray,False,True,False,True
20F-PM-1007-02,Gray,False,False,False,True
18G-AM-1014-03,Gray,False,False,False,True
2B-PM-1013-03,Gray,False,False,False,True
21F-AM-1018-03,Cinnamon,False,False,True,False
5C-AM-1006-01,Cinnamon,False,False,False,True
42C-PM-1013-02,Gray,False,True,False,False
9F-PM-1014-08,Gray,False,True,False,False
22G-PM-1018-02,Gray,False,True,False,True
40D-AM-1013-04,Gray,False,True,False,False
34I-AM-1012-02,Gray,False,False,False,True
11B-PM-1014-06,Gray,False,True,False,False
12D-PM-1014-01,Gray,False,True,False,True
1A-PM-1014-03,Gray,True,False,False,False
33E-AM-1014-08,Gray,False,True,False,True
32F-AM-1012-07,Gray,False,False,False,True
15G-AM-1008-01,Gray,False,True,False,False
13D-AM-1014-04,Gray,False,True,False,True
38D-PM-1006-04,Cinnamon,False,False,True,False
31D-AM-1014-05,Gray,False,False,False,True
33B-PM-1010-04,Gray,False,True,False,False
40F-PM-1006-03,Gray,False,True,False,False
9A-AM-1013-03,Gray,False,True,False,False
1D-AM-1006-07,Gray,False,True,False,True
3G-PM-1013-02,Gray,False,True,False,True
42E-PM-1012-03,Gray,False,False,False,True
17G-PM-1017-03,Gray,False,False,False,True
35A-PM-1013-02,Gray,False,False,False,True
24A-PM-1007-05,Gray,False,True,False,False
18I-PM-1007-06,Cinnamon,False,False,True,False
15D-PM-1017-05,Gray,False,False,False,True
30B-PM-1019-06,Gray,True,True,False,True
17F-AM-1007-06,Cinnamon,False,False,False,True
19B-PM-1018-03,Gray,False,True,False,True
36F-AM-1017-05,Gray,False,False,False,True
20B-PM-1013-07,Gray,False,False,False,True
38I-PM-1014-02,Gray,False,True,False,True
30I-PM-1006-05,Gray,False,False,False,True
30A-PM-1020-01,Gray,False,False,False,True
42E-PM-1012-01,Gray,False,False,False,True
35F-PM-1012-03,Gray,False,True,False,True
16F-AM-1008-03,Gray,False,True,False,True
8I-PM-1013-04,Gray,False,True,False,True
38A-PM-1013-02,Gray,False,True,False,False
15D-AM-1007-04,Gray,False,False,False,True
16C-AM-1014-03,Gray,True,True,False,True
5C-PM-1010-02,Gray,False,False,False,True
2I-PM-1006-01,Gray,False,True,False,True
16E-PM-1018-08,Cinnamon,False,False,False,True
37B-PM-1013-03,Cinnamon,False,False,False,True
1D-AM-1006-04,Gray,False,False,False,True
35A-AM-1014-07,Gray,False,False,False,True
14A-AM-1014-01,Gray,False,False,False,True
1B-AM-1012-05,Gray,False,True,False,False
4C-PM-1010-05,Gray,False,True,False,False
4C-PM-1010-05,Gray,False,True,False,False
4C-PM-1010-05,Gray,False,True,False,False
4C-PM-1010-05,Gray,False,True,False,False
14D-AM-1014-02,Gray,False,True,False,True
10C-PM-1013-03,Gray,False,True,False,False
30A-PM-1020-03,Gray,False,True,False,False
24A-PM-1007-01,Gray,False,False,False,True
16H-PM-1014-02,Gray,False,False,False,True
19G-PM-1017-01,Cinnamon,False,False,False,True
2B-AM-1010-01,Gray,False,False,False,True
38A-AM-1019-03,Gray,False,False,False,True
21G-AM-1014-01,Gray,False,False,False,True
14E-PM-1017-01,Gray,False,True,False,False
32E-AM-1007-09,Gray,False,False,False,True
9E-PM-1014-03,Gray,True,True,False,True
17E-PM-1018-01,Gray,False,False,False,True
32D-AM-1013-02,Gray,False,True,False,False
38E-AM-1010-03,Gray,False,True,False,False
15D-PM-1017-03,Gray,False,False,False,True
18C-AM-1018-01,Gray,True,False,False,False
16F-PM-1013-03,Gray,False,True,False,False
8D-PM-1007-04,Gray,False,True,False,False
35B-PM-1013-01,Gray,False,True,False,False
19G-PM-1017-02,Gray,False,True,False,False
1C-PM-1013-03,Cinnamon,False,False,False,True
33D-PM-1006-01,Gray,False,True,False,False
9B-AM-1010-06,Gray,False,False,False,True
20F-PM-1007-04,Gray,False,False,False,True
33I-AM-1008-01,Gray,False,True,False,False
15I-PM-1012-01,Gray,False,True,False,False
6B-PM-1017-05,Gray,False,True,False,False
17D-AM-1008-03,Gray,False,False,False,True
9I-PM-1010-05,Cinnamon,False,False,True,True
1B-PM-1019-10,Cinnamon,False,False,False,True
42E-PM-1012-05,Gray,False,False,False,True
21F-AM-1018-04,Cinnamon,False,False,True,False
16H-PM-1014-05,Gray,False,False,False,True
35C-AM-1007-04,Gray,False,True,False,False
12F-AM-1020-05,Black,False,True,False,False
2F-PM-1014-09,Gray,False,False,False,True
12D-AM-1013-01,Gray,False,True,False,False
19H-AM-1010-01,Gray,False,True,False,True
38F-AM-1018-05,Gray,False,True,False,False
2C-AM-1010-01,Gray,False,True,False,False
16E-PM-1018-09,Cinnamon,False,False,False,True
37G-PM-1007-05,Gray,False,False,False,True
33F-PM-1012-05,Gray,True,True,False,True
5E-AM-1008-10,Gray,False,True,False,True
40D-PM-1013-03,Gray,False,True,False,False
16F-PM-1013-01,Gray,False,True,False,False
12F-PM-1007-03,Cinnamon,False,False,True,False
13E-PM-1008-02,Gray,False,False,False,True
37E-AM-1013-03,Gray,False,True,False,False
12F-PM-1007-14,Gray,False,True,False,True
5D-PM-1018-07,Gray,False,False,False,True
15I-AM-1008-06,Cinnamon,False,False,False,True
4G-AM-1006-03,Gray,False,False,False,True
37A-PM-1013-02,Cinnamon,False,False,True,True
42D-AM-1014-01,Gray,False,True,False,True
29D-AM-1014-05,Gray,False,True,False,False
11I-AM-1012-01,Gray,False,True,False,True
13D-PM-1018-01,Gray,False,True,False,True
6E-AM-1014-01,Gray,False,True,False,False
33C-PM-1007-02,Gray,True,False,False,True
12F-PM-1007-07,Gray,False,True,False,True
1B-AM-1012-03,Gray,False,True,False,True
2B-PM-1013-02,Gray,False,False,False,True
17B-PM-1012-03,Gray,False,False,False,True
33E-PM-1012-08,Gray,False,False,False,True
14A-AM-1014-02,Gray,False,False,False,True
20F-PM-1007-07,Gray,False,True,False,False
22A-AM-1008-04,Cinnamon,False,False,True,False
29C-AM-1007-01,Gray,False,True,False,False
4C-AM-1006-01,Gray,False,False,False,True
18I-PM-1007-02,Gray,False,True,False,False
1D-AM-1006-08,Gray,False,True,False,False
14I-AM-1013-01,Gray,False,False,False,True
37E-AM-1013-02,Gray,False,False,False,True
31C-PM-1010-02,Gray,False,False,False,True
9G-AM-1007-03,Gray,True,False,False,False
29D-PM-1010-02,Gray,False,True,False,True
36G-PM-1012-02,Gray,False,False,False,True
39D-PM-1012-04,Gray,False,False,False,True
3E-AM-1006-08,Gray,False,True,False,False
3H-PM-1014-03,Cinnamon,False,False,True,False
40D-AM-1013-06,Gray,False,True,False,False
42H-PM-1014-01,Cinnamon,False,False,True,False
3D-AM-1006-05,Cinnamon,False,False,True,False
38E-AM-1010-06,Gray,False,True,False,False
2C-PM-1013-02,Gray,False,False,False,True
33E-PM-1012-03,Gray,False,False,False,True
38C-PM-1014-01,Gray,False,True,False,True
35I-AM-1013-01,Cinnamon,False,False,False,True
8E-PM-1008-03,Gray,False,False,False,True
10F-PM-1019-03,Gray,False,True,False,False
21F-AM-1018-08,Cinnamon,False,False,True,False
7G-AM-1010-03,Gray,False,True,False,False
9B-AM-1010-03,Gray,False,True,False,False
1D-PM-1007-05,Gray,False,True,False,False
32I-AM-1013-03,Gray,False,True,False,False
5B-AM-1008-04,Gray,False,True,False,False
19A-PM-1013-04,Gray,True,False,False,True
34D-AM-1008-03,Cinnamon,False,False,False,True
21D-AM-1008-04,Gray,False,True,False,False
34B-AM-1013-01,Gray,False,True,False,False
32C-AM-1014-06,Gray,False,True,False,False
42E-PM-1012-04,Gray,False,False,False,True
20G-PM-1013-01,Cinnamon,False,False,False,True
3D-AM-1006-02,Cinnamon,False,False,True,False
28D-PM-1019-01,Gray,False,False,False,True
41B-AM-1010-04,Gray,False,True,False,True
41D-AM-1014-03,Gray,True,True,False,False
1F-PM-1019-01,Gray,False,True,False,False
38C-PM-1014-10,Gray,False,False,False,True
3F-AM-1006-08,Gray,False,True,False,True
38D-PM-1006-03,Gray,False,True,False,False
4E-AM-1020-03,Cinnamon,True,False,False,False
22G-PM-1018-01,Gray,False,True,False,True
9C-PM-1006-02,Gray,False,False,False,True
31E-PM-1006-09,Gray,False,True,False,True
4B-AM-1010-02,Cinnamon,False,False,True,True
19C-PM-1018-07,Gray,False,True,False,True
8C-PM-1013-01,Gray,False,True,False,False
33E-AM-1014-10,Gray,False,True,False,True
11E-PM-1012-07,Gray,False,False,False,True
12H-PM-1007-05,Gray,False,True,False,False
36F-PM-1012-05,Gray,False,False,False,True
14A-PM-1014-02,Gray,False,True,False,True
16E-AM-1014-10,Gray,False,True,False,False
14H-PM-1012-04,Cinnamon,False,False,True,False
12E-AM-1017-01,Gray,False,True,False,True
2E-PM-1014-01,Gray,False,False,False,True
18H-AM-1018-01,Gray,False,True,False,False
14H-PM-1012-06,Gray,False,True,False,True
3D-PM-1010-04,Gray,False,True,False,False
42A-PM-1014-01,Gray,False,True,False,False
8B-PM-1012-05,Cinnamon,False,False,False,True
9B-AM-1010-09,Gray,False,True,False,False
38C-AM-1019-02,Gray,False,True,False,False
5F-PM-1007-02,Gray,False,True,False,False
9E-AM-1008-04,Gray,False,False,False,True
11E-PM-1012-06,Gray,False,True,False,True
12C-PM-1017-01,Gray,False,True,False,False
3H-PM-1014-04,Black,False,True,False,False
10H-PM-1007-02,Gray,False,False,False,True
23B-PM-1012-03,Gray,False,False,False,True
11D-AM-1010-02,Cinnamon,False,False,True,True
8I-AM-1006-06,Gray,False,False,False,True
14D-AM-1014-07,Gray,False,True,False,True
1E-PM-1007-01,Gray,False,True,False,True
40F-PM-1006-01,Gray,False,True,False,False
17F-PM-1020-02,Gray,False,True,False,False
7F-AM-1008-04,Gray,False,False,False,True
42F-AM-1019-01,Gray,False,True,False,False
11D-AM-1010-04,Gray,False,True,False,True
1D-AM-1006-05,Cinnamon,False,False,False,True
41C-PM-1007-03,Gray,False,False,False,True
38G-PM-1020-11,Gray,False,True,False,True
2B-PM-1013-04,Gray,False,False,False,True
42C-AM-1007-01,Gray,False,True,False,False
15B-PM-1017-02,Gray,False,False,False,True
32A-PM-1013-04,Gray,False,False,False,True
32A-PM-1013-06,Gray,False,True,False,False
2C-PM-1013-06,Gray,False,False,False,True
9H-AM-1006-06,Gray,False,False,False,True
15F-AM-1007-05,Gray,False,True,False,False
16F-PM-1013-04,Gray,False,True,False,False
14G-AM-1012-04,Cinnamon,True,False,False,False
11D-PM-1006-02,Gray,False,True,False,False
1B-AM-1012-08,Gray,False,True,False,False
9A-AM-1013-01,Gray,False,True,False,False
8F-PM-1012-07,Gray,False,True,False,False
38F-AM-1018-06,Gray,False,True,False,False
1F-PM-1019-02,Gray,False,True,False,False
37C-AM-1012-01,Gray,False,True,False,False
5F-PM-1007-01,Gray,False,True,False,False
10F-PM-1019-09,Gray,False,True,False,False
32H-AM-1010-01,Gray,False,True,False,False
1A-PM-1014-01,Cinnamon,False,False,False,True
3A-AM-1012-01,Gray,False,True,False,True
23B-PM-1012-04,Gray,False,False,False,True
6A-PM-1012-02,Gray,False,False,False,True
10G-AM-1006-03,Gray,False,False,False,True
38C-PM-1014-02,Gray,False,False,False,True
27I-PM-1020-03,Gray,False,True,False,False
6B-PM-1017-02,Gray,False,True,False,False
16G-AM-1010-04,Cinnamon,False,False,True,False
33E-PM-1012-02,Gray,False,False,False,True
16G-AM-1010-01,Gray,False,False,False,True
39E-AM-1018-03,Gray,False,True,False,False
2F-PM-1014-06,Gray,False,False,False,True
2A-PM-1019-03,Gray,False,False,False,True
19D-PM-1008-01,Gray,False,False,False,True
10I-AM-1010-01,Gray,False,True,False,False
11H-PM-1013-02,Gray,True,False,False,False
7E-PM-1013-01,Gray,False,True,False,False
15F-AM-1007-01,Gray,False,True,False,False
5A-AM-1006-04,Gray,False,True,False,False
3B-AM-1010-02,Gray,False,True,False,False
5E-PM-1012-03,Gray,False,True,False,True
7F-AM-1008-01,Gray,False,True,False,False
35F-PM-1012-02,Gray,False,False,False,True
30C-PM-1008-01,Gray,False,True,False,False
14I-PM-1018-02,Gray,False,True,False,False
10G-AM-1006-08,Black,False,True,False,False
38F-PM-1013-06,Gray,False,True,False,False
20B-PM-1013-01,Gray,False,False,False,True
40B-PM-1014-05,Gray,False,True,False,False
19E-PM-1018-02,Gray,False,False,False,True
41G-AM-1013-01,Gray,False,True,False,False
37C-AM-1012-04,Gray,False,True,False,False
25B-PM-1007-02,Gray,False,True,False,False
5C-PM-1010-01,Cinnamon,False,False,True,True
5D-AM-1020-03,Cinnamon,True,False,False,False
37E-PM-1006-07,Cinnamon,False,False,True,False
41B-AM-1010-08,Cinnamon,False,False,True,True
22A-AM-1008-01,Gray,False,True,False,False
20B-PM-1013-02,Gray,False,False,False,True
42F-PM-1017-01,Gray,False,True,False,True
35B-AM-1010-04,Cinnamon,False,False,True,False
3D-AM-1006-07,Cinnamon,False,False,True,False
17H-PM-1007-01,Gray,False,True,False,False
22B-PM-1014-03,Gray,False,True,False,False
3F-PM-1013-02,Black,False,False,True,False
19H-AM-1010-03,Gray,False,True,False,True
34D-PM-1007-03,Gray,False,True,False,False
34B-AM-1013-02,Gray,False,True,False,False
13C-AM-1010-02,Gray,False,True,False,True
22D-PM-1012-03,Gray,True,False,False,True
17F-AM-1007-04,Cinnamon,False,False,False,True
15H-AM-1013-01,Gray,False,False,False,True
34I-AM-1012-03,Gray,False,True,False,True
15B-AM-1014-02,Gray,False,True,False,False
1B-PM-1019-07,Gray,False,False,False,True
32F-PM-1008-03,Gray,False,True,False,True
25I-AM-1012-02,Cinnamon,False,False,True,False
16A-PM-1019-02,Cinnamon,False,False,True,False
21D-AM-1008-01,Gray,False,True,False,False
8I-AM-1006-02,Gray,False,False,False,True
1A-AM-1007-03,Gray,False,True,False,False
40E-PM-1017-03,Cinnamon,False,False,True,False
11E-PM-1012-03,Gray,False,False,False,True
31C-AM-1017-01,Gray,False,True,False,True
7I-PM-1013-03,Black,False,False,True,False
29D-PM-1010-01,Gray,False,False,False,True
26A-AM-1014-02,Gray,False,True,False,False
9I-PM-1010-02,Gray,False,True,False,True
3E-AM-1006-06,Gray,False,True,False,False
3F-AM-1006-10,Cinnamon,False,False,False,True
39E-PM-1013-02,Cinnamon,False,False,True,False
7G-AM-1010-05,Gray,False,True,False,False
22F-PM-1014-01,Gray,False,True,False,False
4A-PM-1007-01,Gray,False,True,False,True
10C-AM-1018-02,Gray,False,True,False,True
33F-PM-1012-02,Gray,False,True,False,True
6B-PM-1017-07,Gray,False,True,False,False
38D-AM-1017-04,Cinnamon,False,False,True,False
13F-PM-1008-05,Gray,False,True,False,False
16I-AM-1008-02,Cinnamon,False,False,True,True
10F-PM-1019-01,Gray,False,True,False,False
20F-PM-1007-03,Gray,False,False,False,True
35D-PM-1013-06,Gray,False,False,False,True
38F-PM-1013-04,Gray,False,True,False,False
5C-AM-1006-04,Cinnamon,False,False,True,False
14I-PM-1018-01,Gray,False,True,False,False
33B-PM-1010-06,Cinnamon,False,False,True,False
35B-AM-1010-02,Gray,False,True,False,False
19H-PM-1008-01,Gray,False,False,False,True
15G-PM-1019-06,Gray,False,True,False,False
21D-PM-1008-03,Gray,False,False,False,True
4A-PM-1007-06,Gray,False,False,False,True
40D-AM-1013-01,Gray,False,True,False,False
37B-AM-1018-05,Gray,False,True,False,False
20B-PM-1013-04,Gray,False,False,False,True
16E-AM-1014-01,Gray,False,True,False,False
5F-PM-1007-05,Gray,False,True,False,False
1D-AM-1006-03,Cinnamon,False,False,False,True
33E-AM-1014-13,Black,False,True,False,False
39C-AM-1017-03,Gray,True,False,False,False
9C-PM-1006-03,Gray,False,False,False,True
18C-AM-1018-02,Gray,False,True,False,False
14D-PM-1019-03,Gray,False,True,False,False
35A-AM-1014-01,Gray,False,False,False,True
3F-AM-1006-12,Cinnamon,False,False,False,True
12F-AM-1020-01,Cinnamon,False,False,False,True
8H-PM-1014-02,Gray,False,False,False,True
10E-AM-1010-01,Gray,False,True,False,False
30B-PM-1019-09,Gray,False,True,False,True
2F-PM-1014-10,Gray,False,False,False,True
30H-PM-1006-01,Gray,False,True,False,False
4E-AM-1020-04,Cinnamon,True,False,False,False
35B-PM-1013-06,Gray,False,True,False,False
9G-PM-1007-02,Gray,False,True,False,False
2D-PM-1012-01,Gray,False,True,False,True
37F-AM-1010-01,Gray,False,True,False,False
20B-PM-1013-03,Gray,False,False,False,True
2A-AM-1010-03,Gray,False,True,False,False
4C-PM-1010-17,Cinnamon,False,False,True,True
5G-PM-1010-04,Gray,False,True,False,False
3F-AM-1006-02,Gray,False,False,False,True
12F-PM-1007-15,Gray,False,True,False,True
8H-PM-1014-01,Gray,False,True,False,False
19E-PM-1018-05,Gray,False,False,False,True
3D-AM-1006-01,Cinnamon,False,False,True,False
8A-AM-1013-01,Gray,False,True,False,False
10B-AM-1006-03,Gray,False,True,False,False
5A-PM-1010-04,Cinnamon,False,False,False,True
8I-PM-1013-03,Gray,False,True,False,True
6A-PM-1012-06,Gray,False,False,False,True
7C-PM-1020-03,Gray,False,True,False,False
32A-PM-1013-02,Gray,False,False,False,True
8I-PM-1013-08,Cinnamon,False,False,True,True
14B-AM-1007-01,Gray,False,True,False,False
14D-PM-1019-14,Gray,False,True,False,False
23A-AM-1018-03,Gray,False,True,False,False
34I-AM-1012-01,Gray,False,True,False,True
7C-PM-1020-01,Gray,False,True,False,False
32D-PM-1006-05,Gray,True,True,False,True
4G-AM-1006-01,Gray,False,False,False,True
19H-AM-1010-04,Gray,False,True,False,True
38I-AM-1019-02,Cinnamon,False,False,True,False
31F-AM-1013-01,Gray,True,False,False,False
7H-PM-1006-01,Gray,False,True,False,True
21G-AM-1014-04,Gray,False,False,False,True
5G-PM-1010-02,Gray,False,True,False,False
36F-PM-1012-06,Gray,False,False,False,True
38C-PM-1014-04,Gray,False,False,False,True
5C-PM-1010-03,Cinnamon,False,False,False,True
11G-PM-1013-02,Gray,False,True,False,False
31E-PM-1006-07,Gray,False,True,False,False
8D-PM-1007-02,Gray,False,True,False,False
7C-AM-1012-01,Gray,False,True,False,False
3D-PM-1010-13,Gray,False,False,False,True
9I-PM-1010-03,Gray,False,True,False,True
42H-PM-1014-02,Gray,False,False,False,True
4C-PM-1010-09,Gray,False,False,False,True
5C-AM-1006-06,Gray,False,True,False,False
7I-PM-1013-01,Cinnamon,False,False,True,False
15F-AM-1007-06,Gray,False,True,False,False
39F-AM-1014-02,Gray,False,True,False,False
6D-PM-1020-06,Gray,False,False,False,True
14E-PM-1017-02,Gray,False,False,False,True
4C-PM-1010-13,Gray,False,True,False,True
39B-PM-1014-05,Gray,False,False,False,True
8A-AM-1013-05,Cinnamon,False,False,True,False
38F-AM-1018-01,Cinnamon,False,False,True,True
13E-AM-1017-07,Gray,False,True,False,False
35I-PM-1006-01,Gray,False,True,False,False
29C-AM-1007-05,Black,False,False,True,False
34A-AM-1012-01,Gray,False,True,False,False
33E-AM-1014-11,Gray,False,True,False,True
20E-AM-1014-01,Gray,False,True,False,True
38C-AM-1019-08,Gray,False,False,False,True
41D-PM-1014-05,Gray,False,False,False,True
8I-PM-1013-06,Gray,False,True,False,True
10F-PM-1019-08,Gray,False,True,False,False
38A-PM-1013-04,Gray,False,True,False,False
14E-AM-1008-11,Gray,False,False,False,True
7C-AM-1012-03,Gray,False,True,False,False
5D-AM-1020-04,Gray,True,False,False,True
38F-PM-1013-03,Gray,False,True,False,False
35A-PM-1013-07,Gray,False,False,False,True
3F-AM-1006-11,Cinnamon,False,False,True,False
8B-PM-1012-01,Gray,False,True,False,True
3D-PM-1010-06,Cinnamon,False,False,False,True
3E-PM-1008-02,Gray,False,True,False,False
4A-AM-1007-03,Gray,False,True,False,False
3H-AM-1008-01,Gray,False,True,False,False
19C-PM-1018-02,Gray,False,True,False,False
15C-PM-1017-01,Gray,False,True,False,False
17A-PM-1013-02,Gray,False,True,False,False
2A-PM-1019-06,Gray,False,False,False,True
38A-AM-1019-05,Gray,False,True,False,True
38F-AM-1018-03,Gray,False,True,False,True
1B-PM-1019-02,Gray,False,False,False,True
19A-PM-1013-02,Gray,False,False,False,True
39D-PM-1012-01,Gray,False,False,False,True
2A-AM-1010-09,Gray,False,False,False,True
8H-AM-1017-03,Gray,False,True,False,False
31B-PM-1007-03,Gray,False,True,False,False
42I-PM-1014-01,Cinnamon,False,False,True,False
15D-PM-1017-06,Gray,False,True,False,False
5F-AM-1007-02,Gray,False,True,False,False
35C-PM-1013-01,Gray,False,True,False,False
2C-AM-1010-05,Gray,False,False,False,True
26I-PM-1010-06,Gray,False,True,False,False
19C-PM-1018-05,Gray,False,True,False,False
20F-PM-1007-10,Gray,False,False,False,True
4F-PM-1013-02,Gray,True,True,False,False
5E-AM-1008-01,Gray,False,False,False,True
1E-AM-1006-01,Gray,False,True,False,False
38C-PM-1014-08,Gray,False,True,False,False
34A-PM-1013-01,Gray,False,True,False,False
17D-AM-1008-07,Gray,False,False,False,True
14D-PM-1019-16,Gray,False,True,False,False
35A-PM-1013-03,Gray,False,False,False,True
42C-PM-1013-06,Gray,False,True,False,False
40E-PM-1017-01,Gray,False,True,False,False
32D-PM-1006-08,Gray,True,True,False,True
30E-PM-1008-01,Gray,False,True,False,False
15H-PM-1008-06,Cinnamon,False,False,True,False
12A-PM-1013-02,Cinnamon,False,False,True,False
41I-PM-1017-01,Gray,False,True,False,False
31D-AM-1014-01,Gray,False,True,False,False
20F-PM-1007-12,Gray,False,False,False,True
33D-AM-1017-09,Black,False,True,False,False
16D-AM-1007-06,Cinnamon,False,False,False,True
12G-AM-1012-05,Gray,False,True,False,True
5C-PM-1010-08,Cinnamon,False,False,True,True
12F-PM-1007-10,Gray,False,True,False,False
9I-AM-1014-04,Gray,False,True,False,False
11H-AM-1010-02,Cinnamon,False,False,True,False
28D-AM-1012-06,Cinnamon,False,False,False,True
41A-PM-1007-01,Gray,False,False,False,True
1I-PM-1012-04,Cinnamon,False,False,False,True
41C-AM-1017-07,Cinnamon,False,False,True,False
12E-AM-1017-03,Gray,False,True,False,False
33D-AM-1017-01,Gray,False,True,False,False
38E-AM-1010-11,Gray,False,True,False,False
3I-PM-1013-04,Cinnamon,False,False,True,False
14G-AM-1012-01,Cinnamon,True,False,False,False
39F-AM-1014-01,Gray,False,True,False,False
38G-PM-1020-07,Gray,False,True,False,False
12F-PM-1007-11,Gray,False,True,False,True
9I-AM-1014-01,Cinnamon,True,False,False,True
21B-PM-1017-01,Cinnamon,False,False,False,True
7G-PM-1018-06,Gray,False,True,False,False
34H-PM-1006-03,Gray,False,False,False,True
3F-PM-1013-05,Gray,False,False,False,True
5C-PM-1010-06,Gray,False,True,False,False
23F-PM-1013-04,Gray,False,True,False,True
8D-AM-1007-01,Gray,False,True,False,False
14E-PM-1017-03,Gray,False,False,False,True
3B-PM-1007-04,Gray,False,True,False,True
9B-AM-1010-07,Gray,False,False,False,True
2E-PM-1014-04,Cinnamon,False,False,False,True
32H-PM-1006-03,Gray,False,False,False,True
5A-AM-1006-02,Gray,False,True,False,False
4H-PM-1006-02,Gray,False,True,False,True
4D-PM-1008-09,Cinnamon,False,False,True,True
21F-AM-1018-07,Cinnamon,False,False,True,False
15F-AM-1007-03,Gray,False,True,False,False
4H-AM-1006-01,Gray,False,True,False,False
12E-PM-1018-01,Cinnamon,False,False,False,True
29C-PM-1006-02,Gray,False,True,False,False
41B-AM-1010-11,Gray,False,True,False,False
3F-PM-1013-04,Gray,False,True,False,False
11H-AM-1010-09,Cinnamon,False,False,True,False
1B-PM-1019-05,Gray,False,False,False,True
13E-PM-1008-08,Cinnamon,True,False,False,True
38H-AM-1019-01,Cinnamon,False,False,True,False
38C-PM-1014-07,Gray,False,False,False,True
13D-AM-1014-05,Gray,False,False,False,True
11E-PM-1012-02,Gray,False,True,False,True
7C-AM-1012-02,Gray,False,True,False,False
16E-AM-1014-04,Gray,False,True,False,False
35A-PM-1013-10,Gray,False,True,False,False
3F-AM-1006-14,Gray,False,False,False,True
32A-PM-1013-07,Gray,False,True,False,False
3F-PM-1013-06,Gray,False,False,False,True
2A-AM-1010-05,Gray,False,False,False,True
41E-PM-1013-02,Gray,False,False,False,True
5E-PM-1012-04,Gray,False,True,False,True
13D-PM-1018-14,Cinnamon,False,False,True,False
14H-PM-1012-07,Gray,False,True,False,False
9B-AM-1010-05,Gray,False,False,False,True
30B-PM-1019-07,Gray,True,True,False,True
27I-AM-1007-04,Gray,False,True,False,False
41C-PM-1007-02,Gray,False,True,False,True
5E-AM-1008-07,Gray,False,True,False,False
40B-PM-1014-04,Gray,False,True,False,False
32I-PM-1007-01,Gray,False,True,False,False
29A-PM-1019-02,Gray,False,True,False,False
42F-PM-1017-03,Gray,False,True,False,False
4D-PM-1008-13,Cinnamon,False,False,True,True
39C-PM-1006-04,Gray,False,False,False,True
16B-PM-1017-01,Gray,False,False,False,True
9A-AM-1013-06,Gray,False,True,False,False
20E-AM-1014-02,Gray,False,True,False,False
30I-PM-1006-04,Gray,False,True,False,False
13D-AM-1014-01,Gray,False,True,False,True
1I-PM-1012-03,Gray,True,True,False,True
4C-AM-1006-05,Gray,False,False,False,True
20B-PM-1013-06,Gray,False,False,False,True
3F-AM-1006-03,Gray,False,True,False,True
22F-PM-1014-02,Gray,False,True,False,False
4H-PM-1006-01,Gray,False,True,False,True
36F-PM-1012-03,Gray,False,False,False,True
21D-PM-1008-04,Gray,False,True,False,True
9H-AM-1006-04,Gray,False,True,False,True
1B-PM-1019-03,Gray,False,False,False,True
22A-PM-1017-03,Gray,False,True,False,False
20F-PM-1007-11,Gray,False,False,False,True
40F-PM-1006-02,Gray,False,True,False,False
5B-AM-1008-03,Gray,False,True,False,False
33C-AM-1012-01,Gray,False,True,False,False
34H-PM-1006-05,Gray,False,True,False,True
30F-PM-1007-01,Gray,True,True,False,True
39E-AM-1018-05,Gray,False,True,False,False
16A-PM-1019-05,Gray,False,True,False,False
12F-AM-1020-04,Cinnamon,False,False,True,False
9C-PM-1006-07,Black,False,True,False,True
7F-PM-1012-03,Gray,False,True,False,False
33H-AM-1019-01,Cinnamon,False,False,True,False
12F-AM-1020-03,Gray,True,False,False,False
42F-AM-1019-02,Gray,False,False,False,True
10D-AM-1008-02,Cinnamon,False,False,False,True
18H-PM-1014-02,Gray,False,False,False,True
39E-AM-1018-01,Gray,False,True,False,False
15B-PM-1017-03,Gray,False,False,False,True
18I-PM-1007-05,Cinnamon,True,False,True,False
16E-AM-1014-06,Gray,False,True,False,False
9C-PM-1006-04,Cinnamon,False,False,True,True
20A-AM-1010-01,Gray,False,True,False,False
16E-PM-1018-10,Cinnamon,False,False,False,True
1C-AM-1012-02,Gray,False,True,False,True
16E-AM-1014-05,Gray,False,True,False,False
28D-AM-1012-01,Cinnamon,False,False,False,True
14A-PM-1014-08,Gray,False,True,False,True
14H-PM-1012-03,Gray,False,True,False,True
3C-AM-1007-01,Gray,False,True,False,True
32E-AM-1007-04,Gray,False,False,False,True
32B-PM-1010-03,Cinnamon,False,False,True,False
34A-PM-1013-05,Cinnamon,False,False,True,False
1H-PM-1013-02,Cinnamon,False,False,True,False
42G-PM-1014-02,Gray,False,True,False,True
1G-AM-1006-04,Gray,False,False,False,True
9A-AM-1013-12,Cinnamon,False,False,True,False
16H-PM-1014-01,Gray,False,False,False,True
14D-AM-1014-01,Gray,False,True,False,True
21C-AM-1014-05,Gray,False,True,False,False
21D-AM-1008-05,Gray,False,True,False,False
9F-AM-1013-03,Gray,False,False,False,True
20F-PM-1007-13,Cinnamon,False,False,True,False
3E-AM-1006-03,Gray,False,True,False,False
14B-PM-1014-08,Gray,False,True,False,True
13E-AM-1017-13,Gray,False,True,False,False
32D-PM-1006-06,Gray,True,True,False,True
1A-PM-1014-05,Gray,False,True,False,False
7H-AM-1006-14,Cinnamon,False,False,True,False
21G-AM-1014-05,Gray,False,True,False,False
22H-PM-1007-01,Cinnamon,False,False,True,False
5F-AM-1007-05,Gray,False,False,False,True
6E-PM-1010-03,Cinnamon,False,False,False,True
32D-PM-1006-02,Gray,True,True,False,True
39F-AM-1014-03,Gray,False,True,False,False
18G-AM-1014-02,Gray,False,False,False,True
2B-PM-1013-08,Gray,False,False,False,True
4D-PM-1008-04,Cinnamon,False,False,True,True
40A-PM-1014-05,Gray,False,False,False,True
12H-PM-1007-03,Gray,False,True,False,False
28B-PM-1010-01,Gray,False,False,False,True
1G-PM-1010-03,Gray,False,True,False,False
10B-PM-1014-04,Gray,False,False,False,True
5F-PM-1007-04,Gray,False,True,False,False
11H-AM-1010-08,Gray,False,True,False,False
4D-PM-1008-10,Cinnamon,False,False,True,True
13D-AM-1014-09,Gray,False,True,False,False
40A-AM-1010-02,Gray,False,True,False,False
29A-AM-1013-01,Gray,False,True,False,False
18I-PM-1007-04,Cinnamon,False,False,True,False
6C-PM-1020-01,Gray,False,False,False,True
38D-AM-1017-06,Black,False,True,False,False
33E-AM-1014-01,Black,False,True,False,False
11D-AM-1010-08,Cinnamon,False,False,True,True
41B-AM-1010-01,Gray,False,True,False,True
20B-PM-1013-09,Gray,False,False,False,True
35E-AM-1020-02,Gray,False,True,False,False
9F-PM-1014-06,Gray,False,True,False,False
1B-AM-1012-04,Gray,False,True,False,False
21B-PM-1017-04,Gray,False,True,False,False
3I-PM-1013-03,Black,False,True,False,False
8B-PM-1012-07,Cinnamon,False,False,True,True
31A-PM-1017-01,Cinnamon,False,False,True,True
4F-PM-1013-03,Cinnamon,False,False,True,False
40C-AM-1017-04,Gray,False,True,False,False
25B-PM-1007-01,Gray,False,True,False,False
35A-PM-1013-01,Gray,False,False,False,True
11B-AM-1007-01,Cinnamon,False,False,True,False
10E-AM-1010-02,Black,False,False,True,False
12G-AM-1012-04,Gray,False,True,False,True
1D-PM-1007-01,Gray,False,True,False,True
6H-PM-1020-01,Gray,False,True,False,True
12F-PM-1007-09,Cinnamon,False,False,True,False
36I-PM-1007-08,Cinnamon,False,False,True,False
33C-PM-1007-04,Gray,False,False,False,True
42H-PM-1014-04,Gray,False,True,False,False
21D-PM-1008-02,Gray,False,False,False,True
37D-PM-1014-01,Gray,False,True,False,False
17I-AM-1014-03,Gray,False,True,False,True
9B-AM-1010-08,Gray,False,True,False,True
23C-AM-1019-01,Gray,False,True,False,True
21F-PM-1018-02,Cinnamon,False,False,True,False
19A-PM-1013-05,Gray,False,False,False,True
22D-PM-1012-07,Gray,True,True,False,True
29B-PM-1010-02,Gray,False,True,False,True
5E-PM-1012-01,Cinnamon,False,False,True,True
